COUNTY,FIPS_COUNT,Year,Class,Percentage
COSHOCTON,39031,1938,Developed,1.820424482
BROWN,39015,1938,Developed,0.396146134
HIGHLAND,39071,1938,Developed,0.683538828
HOLMES,39075,1938,Developed,0.540571299
JACKSON,39079,1938,Developed,1.762114537
JEFFERSON,39081,1938,Developed,4.565537555
KNOX,39083,1938,Developed,0.792782941
NOBLE,39121,1938,Developed,0.560591603
PAULDING,39125,1938,Developed,0.593317972
PIKE,39131,1938,Developed,0.674096222
SHELBY,39149,1938,Developed,0.775558167
MONTGOMERY,39113,1938,Developed,14.73979433
MIAMI,39109,1938,Developed,2.020023557
BUTLER,39017,1938,Developed,4.67217744
MERCER,39107,1938,Developed,0.912287855
PREBLE,39135,1938,Developed,0.565834889
ADAMS,39001,1938,Developed,0.440456098
PUTNAM,39137,1938,Developed,0.727453911
ALLEN,39003,1938,Developed,2.639070098
RICHLAND,39139,1938,Developed,2.200028948
ROSS,39141,1938,Developed,0.90554472
ASHTABULA,39007,1938,Developed,1.880504642
SCIOTO,39145,1938,Developed,1.25342734
ATHENS,39009,1938,Developed,1.266723598
SENECA,39147,1938,Developed,1.283450474
AUGLAIZE,39011,1938,Developed,1.494867023
BELMONT,39013,1938,Developed,2.517264424
STARK,39151,1938,Developed,7.939280516
WOOD,39173,1938,Developed,1.454008242
DEFIANCE,39039,1938,Developed,0.897331313
DELAWARE,39041,1938,Developed,1.097741186
ERIE,39043,1938,Developed,3.544374825
OTTAWA,39123,1938,Developed,2.259938283
PERRY,39127,1938,Developed,2.392372485
CARROLL,39019,1938,Developed,1.621000423
VINTON,39163,1938,Developed,0.756077702
WARREN,39165,1938,Developed,1.054689815
HARRISON,39067,1938,Developed,2.621216574
PICKAWAY,39129,1938,Developed,0.695701897
SANDUSKY,39143,1938,Developed,1.885025173
SUMMIT,39153,1938,Developed,15.29668562
CHAMPAIGN,39021,1938,Developed,1.071829405
CLARK,39023,1938,Developed,4.497148004
CLERMONT,39025,1938,Developed,0.907564789
LAKE,39085,1938,Developed,7.625704152
LAWRENCE,39087,1938,Developed,2.13338966
LOGAN,39091,1938,Developed,1.266542597
LORAIN,39093,1938,Developed,3.933352878
LUCAS,39095,1938,Developed,21.38286032
MADISON,39097,1938,Developed,0.908715407
MARION,39101,1938,Developed,1.857381749
MEDINA,39103,1938,Developed,1.654401278
MEIGS,39105,1938,Developed,0.630298974
MONROE,39111,1938,Developed,0.559396274
MORGAN,39115,1938,Developed,0.291812096
MORROW,39117,1938,Developed,0.331753555
MUSKINGUM,39119,1938,Developed,2.364464856
WYANDOT,39175,1938,Developed,0.615858353
FAYETTE,39047,1938,Developed,0.788148148
FULTON,39051,1938,Developed,0.823557294
GALLIA,39053,1938,Developed,0.809094633
GEAUGA,39055,1938,Developed,0.573082831
GREENE,39057,1938,Developed,3.558161133
HANCOCK,39063,1938,Developed,1.686485509
HARDIN,39065,1938,Developed,0.712820513
HENRY,39069,1938,Developed,0.914108313
UNION,39159,1938,Developed,0.723876886
VAN WERT,39161,1938,Developed,0.98806093
WASHINGTON,39167,1938,Developed,1.678801826
CRAWFORD,39033,1938,Developed,1.605751947
WAYNE,39169,1938,Developed,1.563582814
CUYAHOGA,39035,1938,Developed,47.39331511
DARKE,39037,1938,Developed,0.909712998
WILLIAMS,39171,1938,Developed,1.049090598
CLINTON,39027,1938,Developed,1.029661265
HAMILTON,39061,1938,Developed,35.79070447
FRANKLIN,39049,1938,Developed,17.37722373
ASHLAND,39005,1938,Developed,0.950172502
HURON,39077,1938,Developed,1.08002919
TRUMBULL,39155,1938,Developed,3.995598391
PORTAGE,39133,1938,Developed,1.431032832
TUSCARAWAS,39157,1938,Developed,4.414125201
MAHONING,39099,1938,Developed,11.93436666
COLUMBIANA,39029,1938,Developed,3.162786501
FAIRFIELD,39045,1938,Developed,1.508968397
LICKING,39089,1938,Developed,1.653676006
HOCKING,39073,1938,Developed,0.649609664
GUERNSEY,39059,1938,Developed,1.278655585
COSHOCTON,39031,1938,Forest,26.07715537
BROWN,39015,1938,Forest,26.13097276
HIGHLAND,39071,1938,Forest,18.55072464
HOLMES,39075,1938,Forest,22.55035848
JACKSON,39079,1938,Forest,34.32690657
JEFFERSON,39081,1938,Forest,48.60677467
KNOX,39083,1938,Forest,19.32294514
NOBLE,39121,1938,Forest,33.93964695
PAULDING,39125,1938,Forest,5.743087558
PIKE,39131,1938,Forest,45.28948084
SHELBY,39149,1938,Forest,7.038777908
MONTGOMERY,39113,1938,Forest,10.98473045
MIAMI,39109,1938,Forest,6.802120141
BUTLER,39017,1938,Forest,23.4533039
MERCER,39107,1938,Forest,3.93965649
PREBLE,39135,1938,Forest,11.33933118
ADAMS,39001,1938,Forest,48.63129297
PUTNAM,39137,1938,Forest,5.311410065
ALLEN,39003,1938,Forest,6.310046258
RICHLAND,39139,1938,Forest,22.03888648
ROSS,39141,1938,Forest,27.22555029
ASHTABULA,39007,1938,Forest,42.4660795
SCIOTO,39145,1938,Forest,46.83509597
ATHENS,39009,1938,Forest,34.0734415
SENECA,39147,1938,Forest,6.609333392
AUGLAIZE,39011,1938,Forest,4.988893558
BELMONT,39013,1938,Forest,37.43372689
STARK,39151,1938,Forest,16.95154918
WOOD,39173,1938,Forest,4.334810668
DEFIANCE,39039,1938,Forest,10.45332712
DELAWARE,39041,1938,Forest,15.95946802
ERIE,39043,1938,Forest,14.96305995
OTTAWA,39123,1938,Forest,9.103285533
PERRY,39127,1938,Forest,27.09990641
CARROLL,39019,1938,Forest,26.12351055
VINTON,39163,1938,Forest,44.49226474
WARREN,39165,1938,Forest,23.4994371
HARRISON,39067,1938,Forest,33.94651778
PICKAWAY,39129,1938,Forest,7.724197084
SANDUSKY,39143,1938,Forest,7.177145533
SUMMIT,39153,1938,Forest,30.17979206
CHAMPAIGN,39021,1938,Forest,8.327721661
CLARK,39023,1938,Forest,8.658060642
CLERMONT,39025,1938,Forest,39.42923093
LAKE,39085,1938,Forest,30.53411225
LAWRENCE,39087,1938,Forest,54.33278766
LOGAN,39091,1938,Forest,12.18465674
LORAIN,39093,1938,Forest,17.86866022
LUCAS,39095,1938,Forest,16.22148024
MADISON,39097,1938,Forest,3.335398596
MARION,39101,1938,Forest,5.022694697
MEDINA,39103,1938,Forest,14.19932683
MEIGS,39105,1938,Forest,52.61044177
MONROE,39111,1938,Forest,40.04432952
MORGAN,39115,1938,Forest,32.45408251
MORROW,39117,1938,Forest,12.26895735
MUSKINGUM,39119,1938,Forest,26.02346525
WYANDOT,39175,1938,Forest,7.810741991
FAYETTE,39047,1938,Forest,3.668148148
FULTON,39051,1938,Forest,7.382391279
GALLIA,39053,1938,Forest,46.57414994
GEAUGA,39055,1938,Forest,38.48517074
GREENE,39057,1938,Forest,10.86022754
HANCOCK,39063,1938,Forest,4.883121581
HARDIN,39065,1938,Forest,4.774358974
HENRY,39069,1938,Forest,4.587788893
UNION,39159,1938,Forest,6.139139084
VAN WERT,39161,1938,Forest,3.052402517
WASHINGTON,39167,1938,Forest,40.68359301
CRAWFORD,39033,1938,Forest,7.052127022
WAYNE,39169,1938,Forest,11.001386
CUYAHOGA,39035,1938,Forest,21.68383435
DARKE,39037,1938,Forest,4.431831904
WILLIAMS,39171,1938,Forest,10.41678545
CLINTON,39027,1938,Forest,8.898379454
HAMILTON,39061,1938,Forest,34.3525285
FRANKLIN,39049,1938,Forest,11.09977375
ASHLAND,39005,1938,Forest,21.59945704
HURON,39077,1938,Forest,10.69326198
TRUMBULL,39155,1938,Forest,31.44494194
PORTAGE,39133,1938,Forest,33.91404231
TUSCARAWAS,39157,1938,Forest,31.1227507
MAHONING,39099,1938,Forest,27.65570885
COLUMBIANA,39029,1938,Forest,31.68651868
FAIRFIELD,39045,1938,Forest,17.70428016
LICKING,39089,1938,Forest,16.42791939
HOCKING,39073,1938,Forest,42.95401447
GUERNSEY,39059,1938,Forest,30.69686729
COSHOCTON,39031,1938,Agriculture,70.76262175
BROWN,39015,1938,Agriculture,72.95935834
HIGHLAND,39071,1938,Agriculture,80.5277958
HOLMES,39075,1938,Agriculture,76.34573802
JACKSON,39079,1938,Agriculture,63.4418445
JEFFERSON,39081,1938,Agriculture,45.31369661
KNOX,39083,1938,Agriculture,79.30107527
NOBLE,39121,1938,Agriculture,64.16984733
PAULDING,39125,1938,Agriculture,93.44470046
PIKE,39131,1938,Agriculture,53.62326719
SHELBY,39149,1938,Agriculture,91.90364277
MONTGOMERY,39113,1938,Agriculture,73.83920224
MIAMI,39109,1938,Agriculture,91.06007067
BUTLER,39017,1938,Agriculture,71.49971762
MERCER,39107,1938,Agriculture,91.52438714
PREBLE,39135,1938,Agriculture,87.9646919
ADAMS,39001,1938,Agriculture,50.5083769
PUTNAM,39137,1938,Agriculture,93.78176383
ALLEN,39003,1938,Agriculture,90.76028941
RICHLAND,39139,1938,Agriculture,74.70449173
ROSS,39141,1938,Agriculture,71.58331011
ASHTABULA,39007,1938,Agriculture,51.56935424
SCIOTO,39145,1938,Agriculture,51.36701919
ATHENS,39009,1938,Agriculture,64.24708227
SENECA,39147,1938,Agriculture,91.96315537
AUGLAIZE,39011,1938,Agriculture,92.52566489
BELMONT,39013,1938,Agriculture,58.69013143
STARK,39151,1938,Agriculture,73.54127677
WOOD,39173,1938,Agriculture,93.61247181
DEFIANCE,39039,1938,Agriculture,88.0666589
DELAWARE,39041,1938,Agriculture,81.15368377
ERIE,39043,1938,Agriculture,77.20938932
OTTAWA,39123,1938,Agriculture,79.40642585
PERRY,39127,1938,Agriculture,69.86429574
CARROLL,39019,1938,Agriculture,71.21514547
VINTON,39163,1938,Agriculture,54.35617076
WARREN,39165,1938,Agriculture,74.75262191
HARRISON,39067,1938,Agriculture,61.33411696
PICKAWAY,39129,1938,Agriculture,91.28943105
SANDUSKY,39143,1938,Agriculture,89.33965578
SUMMIT,39153,1938,Agriculture,51.65144466
CHAMPAIGN,39021,1938,Agriculture,90.23569024
CLARK,39023,1938,Agriculture,86.67066947
CLERMONT,39025,1938,Agriculture,59.04417165
LAKE,39085,1938,Agriculture,58.50198206
LAWRENCE,39087,1938,Agriculture,43.16945662
LOGAN,39091,1938,Agriculture,84.75496278
LORAIN,39093,1938,Agriculture,77.19143946
LUCAS,39095,1938,Agriculture,57.89510295
MADISON,39097,1938,Agriculture,95.51321768
MARION,39101,1938,Agriculture,92.80936455
MEDINA,39103,1938,Agriculture,83.35330025
MEIGS,39105,1938,Agriculture,45.91142347
MONROE,39111,1938,Agriculture,58.69439021
MORGAN,39115,1938,Agriculture,66.28139841
MORROW,39117,1938,Agriculture,87.20379147
MUSKINGUM,39119,1938,Agriculture,70.44957124
WYANDOT,39175,1938,Agriculture,90.97530645
FAYETTE,39047,1938,Agriculture,95.34222222
FULTON,39051,1938,Agriculture,91.61630525
GALLIA,39053,1938,Agriculture,51.82302335
GEAUGA,39055,1938,Agriculture,57.86364173
GREENE,39057,1938,Agriculture,85.4074762
HANCOCK,39063,1938,Agriculture,93.31283628
HARDIN,39065,1938,Agriculture,94.39487179
HENRY,39069,1938,Agriculture,93.67598022
UNION,39159,1938,Agriculture,93.00436536
VAN WERT,39161,1938,Agriculture,95.8595542
WASHINGTON,39167,1938,Agriculture,56.91704078
CRAWFORD,39033,1938,Agriculture,91.01258238
WAYNE,39169,1938,Agriculture,85.86278586
CUYAHOGA,39035,1938,Agriculture,29.88753416
DARKE,39037,1938,Agriculture,94.60612647
WILLIAMS,39171,1938,Agriculture,88.11790866
CLINTON,39027,1938,Agriculture,89.95495232
HAMILTON,39061,1938,Agriculture,28.47120725
FRANKLIN,39049,1938,Agriculture,70.90634843
ASHLAND,39005,1938,Agriculture,76.43798428
HURON,39077,1938,Agriculture,87.80831914
TRUMBULL,39155,1938,Agriculture,61.74774228
PORTAGE,39133,1938,Agriculture,60.79735809
TUSCARAWAS,39157,1938,Agriculture,63.04384557
MAHONING,39099,1938,Agriculture,56.73650145
COLUMBIANA,39029,1938,Agriculture,63.99115683
FAIRFIELD,39045,1938,Agriculture,80.0749739
LICKING,39089,1938,Agriculture,81.47250895
HOCKING,39073,1938,Agriculture,56.10576101
GUERNSEY,39059,1938,Agriculture,67.25728377
COSHOCTON,39031,1938,Nontarget,1.339798392
BROWN,39015,1938,Nontarget,0.513522766
HIGHLAND,39071,1938,Nontarget,0.237940731
HOLMES,39075,1938,Nontarget,0.563332195
JACKSON,39079,1938,Nontarget,0.46913439
JEFFERSON,39081,1938,Nontarget,1.513991163
KNOX,39083,1938,Nontarget,0.583196647
NOBLE,39121,1938,Nontarget,1.329914122
PAULDING,39125,1938,Nontarget,0.218894009
PIKE,39131,1938,Nontarget,0.413155749
SHELBY,39149,1938,Nontarget,0.282021152
MONTGOMERY,39113,1938,Nontarget,0.436272982
MIAMI,39109,1938,Nontarget,0.11778563
BUTLER,39017,1938,Nontarget,0.374801047
MERCER,39107,1938,Nontarget,3.623668518
PREBLE,39135,1938,Nontarget,0.130142025
ADAMS,39001,1938,Nontarget,0.419874038
PUTNAM,39137,1938,Nontarget,0.179372197
ALLEN,39003,1938,Nontarget,0.290594236
RICHLAND,39139,1938,Nontarget,1.05659285
ROSS,39141,1938,Nontarget,0.285594873
ASHTABULA,39007,1938,Nontarget,4.084061618
SCIOTO,39145,1938,Nontarget,0.544457501
ATHENS,39009,1938,Nontarget,0.412752633
SENECA,39147,1938,Nontarget,0.144060767
AUGLAIZE,39011,1938,Nontarget,0.990574533
BELMONT,39013,1938,Nontarget,1.358877256
STARK,39151,1938,Nontarget,1.567893533
WOOD,39173,1938,Nontarget,0.598709276
DEFIANCE,39039,1938,Nontarget,0.582682671
DELAWARE,39041,1938,Nontarget,1.78910703
ERIE,39043,1938,Nontarget,4.283175909
OTTAWA,39123,1938,Nontarget,9.230350336
PERRY,39127,1938,Nontarget,0.643425363
CARROLL,39019,1938,Nontarget,1.040343555
VINTON,39163,1938,Nontarget,0.395486798
WARREN,39165,1938,Nontarget,0.69325117
HARRISON,39067,1938,Nontarget,2.098148692
PICKAWAY,39129,1938,Nontarget,0.29066997
SANDUSKY,39143,1938,Nontarget,1.598173516
SUMMIT,39153,1938,Nontarget,2.872077661
CHAMPAIGN,39021,1938,Nontarget,0.364758698
CLARK,39023,1938,Nontarget,0.174121885
CLERMONT,39025,1938,Nontarget,0.61903263
LAKE,39085,1938,Nontarget,3.338201544
LAWRENCE,39087,1938,Nontarget,0.364366056
LOGAN,39091,1938,Nontarget,1.793837883
LORAIN,39093,1938,Nontarget,1.006547445
LUCAS,39095,1938,Nontarget,4.500556483
MADISON,39097,1938,Nontarget,0.242668319
MARION,39101,1938,Nontarget,0.310559006
MEDINA,39103,1938,Nontarget,0.792971647
MEIGS,39105,1938,Nontarget,0.847835788
MONROE,39111,1938,Nontarget,0.701884004
MORGAN,39115,1938,Nontarget,0.972706986
MORROW,39117,1938,Nontarget,0.19549763
MUSKINGUM,39119,1938,Nontarget,1.162498655
WYANDOT,39175,1938,Nontarget,0.598093208
FAYETTE,39047,1938,Nontarget,0.201481481
FULTON,39051,1938,Nontarget,0.177746178
GALLIA,39053,1938,Nontarget,0.793732077
GEAUGA,39055,1938,Nontarget,3.078104691
GREENE,39057,1938,Nontarget,0.174135129
HANCOCK,39063,1938,Nontarget,0.117556631
HARDIN,39065,1938,Nontarget,0.117948718
HENRY,39069,1938,Nontarget,0.822122571
UNION,39159,1938,Nontarget,0.132618666
VAN WERT,39161,1938,Nontarget,0.099982356
WASHINGTON,39167,1938,Nontarget,0.720564379
CRAWFORD,39033,1938,Nontarget,0.329538646
WAYNE,39169,1938,Nontarget,1.572245322
CUYAHOGA,39035,1938,Nontarget,1.035316376
DARKE,39037,1938,Nontarget,0.052328624
WILLIAMS,39171,1938,Nontarget,0.416215292
CLINTON,39027,1938,Nontarget,0.117006962
HAMILTON,39061,1938,Nontarget,1.385559778
FRANKLIN,39049,1938,Nontarget,0.616654097
ASHLAND,39005,1938,Nontarget,1.012386177
HURON,39077,1938,Nontarget,0.418389686
TRUMBULL,39155,1938,Nontarget,2.811717386
PORTAGE,39133,1938,Nontarget,3.857566766
TUSCARAWAS,39157,1938,Nontarget,1.419278533
MAHONING,39099,1938,Nontarget,3.67342304
COLUMBIANA,39029,1938,Nontarget,1.15953799
FAIRFIELD,39045,1938,Nontarget,0.711777546
LICKING,39089,1938,Nontarget,0.445895653
HOCKING,39073,1938,Nontarget,0.29061485
GUERNSEY,39059,1938,Nontarget,0.767193351
COSHOCTON,39031,1970,Developed,1.769384543
BROWN,39015,1970,Developed,0.792292268
HIGHLAND,39071,1970,Developed,1.029634437
HOLMES,39075,1970,Developed,0.63730511
JACKSON,39079,1970,Developed,2.294181589
JEFFERSON,39081,1970,Developed,4.842415317
KNOX,39083,1970,Developed,1.211955531
NOBLE,39121,1970,Developed,0.805104962
PAULDING,39125,1970,Developed,0.720046083
PIKE,39131,1970,Developed,1.136178309
SHELBY,39149,1970,Developed,1.292596945
MONTGOMERY,39113,1970,Developed,21.09691493
MIAMI,39109,1970,Developed,3.209658422
BUTLER,39017,1970,Developed,11.67530934
MERCER,39107,1970,Developed,1.095764742
PREBLE,39135,1970,Developed,1.120353081
ADAMS,39001,1970,Developed,0.625694645
PUTNAM,39137,1970,Developed,0.906826109
ALLEN,39003,1970,Developed,3.647254181
RICHLAND,39139,1970,Developed,3.816278284
ROSS,39141,1970,Developed,1.316522708
ASHTABULA,39007,1970,Developed,2.897269358
SCIOTO,39145,1970,Developed,1.641206424
ATHENS,39009,1970,Developed,1.840781858
SENECA,39147,1970,Developed,1.58903392
AUGLAIZE,39011,1970,Developed,1.807048088
BELMONT,39013,1970,Developed,3.132100691
STARK,39151,1970,Developed,12.43501768
WOOD,39173,1970,Developed,2.309307208
DEFIANCE,39039,1970,Developed,1.27607505
DELAWARE,39041,1970,Developed,2.306312012
ERIE,39043,1970,Developed,5.704666604
OTTAWA,39123,1970,Developed,3.92085678
PERRY,39127,1970,Developed,2.000467946
CARROLL,39019,1970,Developed,1.572612351
VINTON,39163,1970,Developed,0.849133419
WARREN,39165,1970,Developed,5.149019375
HARRISON,39067,1970,Developed,1.974728181
PICKAWAY,39129,1970,Developed,1.486705423
SANDUSKY,39143,1970,Developed,2.657768411
SUMMIT,39153,1970,Developed,24.13694066
CHAMPAIGN,39021,1970,Developed,1.285072952
CLARK,39023,1970,Developed,6.89882918
CLERMONT,39025,1970,Developed,5.125380338
LAKE,39085,1970,Developed,20.70728145
LAWRENCE,39087,1970,Developed,2.71954375
LOGAN,39091,1970,Developed,1.514681555
LORAIN,39093,1970,Developed,7.695690413
LUCAS,39095,1970,Developed,23.38619922
MADISON,39097,1970,Developed,1.239157373
MARION,39101,1970,Developed,2.394887721
MEDINA,39103,1970,Developed,3.360146044
MEIGS,39105,1970,Developed,0.73070058
MONROE,39111,1970,Developed,0.680774711
MORGAN,39115,1970,Developed,0.389082795
MORROW,39117,1970,Developed,0.47985782
MUSKINGUM,39119,1970,Developed,2.999533565
WYANDOT,39175,1970,Developed,0.657310357
FAYETTE,39047,1970,Developed,1.037037037
FULTON,39051,1970,Developed,1.054627326
GALLIA,39053,1970,Developed,1.11634576
GEAUGA,39055,1970,Developed,1.991019733
GREENE,39057,1970,Developed,6.100534014
HANCOCK,39063,1970,Developed,2.102455125
HARDIN,39065,1970,Developed,0.774358974
HENRY,39069,1970,Developed,1.149821778
UNION,39159,1970,Developed,1.072000884
VAN WERT,39161,1970,Developed,1.058636711
WASHINGTON,39167,1970,Developed,2.169238314
CRAWFORD,39033,1970,Developed,1.827441582
WAYNE,39169,1970,Developed,2.681046431
CUYAHOGA,39035,1970,Developed,52.66974984
DARKE,39037,1970,Developed,1.070724148
WILLIAMS,39171,1970,Developed,1.396886938
CLINTON,39027,1970,Developed,1.620546423
HAMILTON,39061,1970,Developed,47.95089155
FRANKLIN,39049,1970,Developed,28.27292489
ASHLAND,39005,1970,Developed,1.323454556
HURON,39077,1970,Developed,1.44003892
TRUMBULL,39155,1970,Developed,7.342338924
PORTAGE,39133,1970,Developed,3.92935771
TUSCARAWAS,39157,1970,Developed,4.359212638
MAHONING,39099,1970,Developed,14.92647476
COLUMBIANA,39029,1970,Developed,4.353907237
FAIRFIELD,39045,1970,Developed,2.733225776
LICKING,39089,1970,Developed,2.847412401
HOCKING,39073,1970,Developed,0.87754288
GUERNSEY,39059,1970,Developed,1.657685633
COSHOCTON,39031,1970,Forest,48.08387563
BROWN,39015,1970,Forest,28.46872402
HIGHLAND,39071,1970,Forest,20.57105775
HOLMES,39075,1970,Forest,37.48150677
JACKSON,39079,1970,Forest,60.5641055
JEFFERSON,39081,1970,Forest,61.83210604
KNOX,39083,1970,Forest,32.01658465
NOBLE,39121,1970,Forest,59.14241412
PAULDING,39125,1970,Forest,5.483870968
PIKE,39131,1970,Forest,63.6151128
SHELBY,39149,1970,Forest,7.737955347
MONTGOMERY,39113,1970,Forest,11.06263634
MIAMI,39109,1970,Forest,7.449941107
BUTLER,39017,1970,Forest,21.67171536
MERCER,39107,1970,Forest,4.510473472
PREBLE,39135,1970,Forest,11.88253268
ADAMS,39001,1970,Forest,56.40719549
PUTNAM,39137,1970,Forest,4.843049327
ALLEN,39003,1970,Forest,7.54951963
RICHLAND,39139,1970,Forest,31.97761374
ROSS,39141,1970,Forest,39.96238507
ASHTABULA,39007,1970,Forest,51.30411127
SCIOTO,39145,1970,Forest,70.30552291
ATHENS,39009,1970,Forest,62.16434197
SENECA,39147,1970,Forest,7.609027808
AUGLAIZE,39011,1970,Forest,6.12355166
BELMONT,39013,1970,Forest,53.74025395
STARK,39151,1970,Forest,25.95134124
WOOD,39173,1970,Forest,4.614726693
DEFIANCE,39039,1970,Forest,10.85537816
DELAWARE,39041,1970,Forest,17.93856871
ERIE,39043,1970,Forest,18.97503039
OTTAWA,39123,1970,Forest,8.685786894
PERRY,39127,1970,Forest,50.40360318
CARROLL,39019,1970,Forest,49.73688986
VINTON,39163,1970,Forest,73.6187042
WARREN,39165,1970,Forest,22.89506429
HARRISON,39067,1970,Forest,57.4551866
PICKAWAY,39129,1970,Forest,7.838559039
SANDUSKY,39143,1970,Forest,7.756702962
SUMMIT,39153,1970,Forest,40.3182262
CHAMPAIGN,39021,1970,Forest,8.91694725
CLARK,39023,1970,Forest,9.198438907
CLERMONT,39025,1970,Forest,41.74798027
LAKE,39085,1970,Forest,44.64844565
LAWRENCE,39087,1970,Forest,77.54660189
LOGAN,39091,1970,Forest,13.73035567
LORAIN,39093,1970,Forest,27.12791948
LUCAS,39095,1970,Forest,17.27184196
MADISON,39097,1970,Forest,3.72779843
MARION,39101,1970,Forest,6.175346393
MEDINA,39103,1970,Forest,28.83222089
MEIGS,39105,1970,Forest,64.74230254
MONROE,39111,1970,Forest,68.90601087
MORGAN,39115,1970,Forest,59.01470504
MORROW,39117,1970,Forest,19.89336493
MUSKINGUM,39119,1970,Forest,46.89462165
WYANDOT,39175,1970,Forest,8.622016936
FAYETTE,39047,1970,Forest,4.005925926
FULTON,39051,1970,Forest,7.536437967
GALLIA,39053,1970,Forest,62.41806637
GEAUGA,39055,1970,Forest,58.61396668
GREENE,39057,1970,Forest,11.22591131
HANCOCK,39063,1970,Forest,5.40760501
HARDIN,39065,1970,Forest,5.779487179
HENRY,39069,1970,Forest,4.720018397
UNION,39159,1970,Forest,7.470851522
VAN WERT,39161,1970,Forest,3.28765512
WASHINGTON,39167,1970,Forest,59.54276229
CRAWFORD,39033,1970,Forest,8.17855003
WAYNE,39169,1970,Forest,17.46794872
CUYAHOGA,39035,1970,Forest,29.85600168
DARKE,39037,1970,Forest,4.870587288
WILLIAMS,39171,1970,Forest,12.01322766
CLINTON,39027,1970,Forest,9.190896858
HAMILTON,39061,1970,Forest,31.28909676
FRANKLIN,39049,1970,Forest,11.81402777
ASHLAND,39005,1970,Forest,32.30020926
HURON,39077,1970,Forest,14.21065434
TRUMBULL,39155,1970,Forest,44.61561812
PORTAGE,39133,1970,Forest,45.45802623
TUSCARAWAS,39157,1970,Forest,49.74233336
MAHONING,39099,1970,Forest,36.93862488
COLUMBIANA,39029,1970,Forest,43.89550623
FAIRFIELD,39045,1970,Forest,21.92749359
LICKING,39089,1970,Forest,31.124921
HOCKING,39073,1970,Forest,71.47415807
GUERNSEY,39059,1970,Forest,57.72673303
COSHOCTON,39031,1970,Agriculture,48.22848879
BROWN,39015,1970,Agriculture,70.24502372
HIGHLAND,39071,1970,Agriculture,77.59030932
HOLMES,39075,1970,Agriculture,61.13576875
JACKSON,39079,1970,Agriculture,36.51238629
JEFFERSON,39081,1970,Agriculture,31.20471281
KNOX,39083,1970,Agriculture,66.0606889
NOBLE,39121,1970,Agriculture,38.31703244
PAULDING,39125,1970,Agriculture,93.45046083
PIKE,39131,1970,Agriculture,34.50394129
SHELBY,39149,1970,Agriculture,90.62867215
MONTGOMERY,39113,1970,Agriculture,67.24836398
MIAMI,39109,1970,Agriculture,89.10482921
BUTLER,39017,1970,Agriculture,65.88797043
MERCER,39107,1970,Agriculture,90.82105907
PREBLE,39135,1970,Agriculture,86.7141968
ADAMS,39001,1970,Agriculture,42.4031614
PUTNAM,39137,1970,Agriculture,94.14549078
ALLEN,39003,1970,Agriculture,88.50077096
RICHLAND,39139,1970,Agriculture,62.93240701
ROSS,39141,1970,Agriculture,57.98969072
ASHTABULA,39007,1970,Agriculture,41.43571259
SCIOTO,39145,1970,Agriculture,27.21112417
ATHENS,39009,1970,Agriculture,35.22630231
SENECA,39147,1970,Agriculture,90.6185882
AUGLAIZE,39011,1970,Agriculture,91.03680134
BELMONT,39013,1970,Agriculture,41.28759189
STARK,39151,1970,Agriculture,59.58411312
WOOD,39173,1970,Agriculture,92.34896198
DEFIANCE,39039,1970,Agriculture,86.87215942
DELAWARE,39041,1970,Agriculture,76.90521427
ERIE,39043,1970,Agriculture,70.82203311
OTTAWA,39123,1970,Agriculture,77.70012706
PERRY,39127,1970,Agriculture,46.57229761
CARROLL,39019,1970,Agriculture,47.19046755
VINTON,39163,1970,Agriculture,24.94474817
WARREN,39165,1970,Agriculture,71.04343189
HARRISON,39067,1970,Agriculture,37.60799295
PICKAWAY,39129,1970,Agriculture,90.16010674
SANDUSKY,39143,1970,Agriculture,87.62439995
SUMMIT,39153,1970,Agriculture,32.40852433
CHAMPAIGN,39021,1970,Agriculture,89.47250281
CLARK,39023,1970,Agriculture,83.6745722
CLERMONT,39025,1970,Agriculture,52.45514636
LAKE,39085,1970,Agriculture,31.20175256
LAWRENCE,39087,1970,Agriculture,19.08433226
LOGAN,39091,1970,Agriculture,82.93010753
LORAIN,39093,1970,Agriculture,64.08189192
LUCAS,39095,1970,Agriculture,54.5214246
MADISON,39097,1970,Agriculture,94.80070219
MARION,39101,1970,Agriculture,91.05948399
MEDINA,39103,1970,Agriculture,66.74082948
MEIGS,39105,1970,Agriculture,33.46162427
MONROE,39111,1970,Agriculture,29.55301071
MORGAN,39115,1970,Agriculture,39.07993363
MORROW,39117,1970,Agriculture,79.28909953
MUSKINGUM,39119,1970,Agriculture,48.10735173
WYANDOT,39175,1970,Agriculture,90.03375378
FAYETTE,39047,1970,Agriculture,94.83851852
FULTON,39051,1970,Agriculture,91.20156417
GALLIA,39053,1970,Agriculture,35.33387956
GEAUGA,39055,1970,Agriculture,35.47205483
GREENE,39057,1970,Agriculture,82.45298352
HANCOCK,39063,1970,Agriculture,92.32716915
HARDIN,39065,1970,Agriculture,93.33333333
HENRY,39069,1970,Agriculture,93.17005864
UNION,39159,1970,Agriculture,91.31347737
VAN WERT,39161,1970,Agriculture,95.57725107
WASHINGTON,39167,1970,Agriculture,37.12981477
CRAWFORD,39033,1970,Agriculture,89.70041941
WAYNE,39169,1970,Agriculture,78.16181566
CUYAHOGA,39035,1970,Agriculture,16.35484549
DARKE,39037,1970,Agriculture,93.99025883
WILLIAMS,39171,1970,Agriculture,86.11095273
CLINTON,39027,1970,Agriculture,88.87263792
HAMILTON,39061,1970,Agriculture,19.22829582
FRANKLIN,39049,1970,Agriculture,58.76402999
ASHLAND,39005,1970,Agriculture,65.34132685
HURON,39077,1970,Agriculture,83.90659207
TRUMBULL,39155,1970,Agriculture,43.21924566
PORTAGE,39133,1970,Agriculture,45.03685268
TUSCARAWAS,39157,1970,Agriculture,43.72729577
MAHONING,39099,1970,Agriculture,44.04133311
COLUMBIANA,39029,1970,Agriculture,50.08121278
FAIRFIELD,39045,1970,Agriculture,74.5373446
LICKING,39089,1970,Agriculture,65.57825995
HOCKING,39073,1970,Agriculture,27.04997436
GUERNSEY,39059,1970,Agriculture,39.42825829
COSHOCTON,39031,1970,Nontarget,1.918251031
BROWN,39015,1970,Nontarget,0.493959994
HIGHLAND,39071,1970,Nontarget,0.808998486
HOLMES,39075,1970,Nontarget,0.74541937
JACKSON,39079,1970,Nontarget,0.629326621
JEFFERSON,39081,1970,Nontarget,2.120765832
KNOX,39083,1970,Nontarget,0.710770913
NOBLE,39121,1970,Nontarget,1.735448473
PAULDING,39125,1970,Nontarget,0.34562212
PIKE,39131,1970,Nontarget,0.7447676
SHELBY,39149,1970,Nontarget,0.340775558
MONTGOMERY,39113,1970,Nontarget,0.592084762
MIAMI,39109,1970,Nontarget,0.23557126
BUTLER,39017,1970,Nontarget,0.765004878
MERCER,39107,1970,Nontarget,3.572702716
PREBLE,39135,1970,Nontarget,0.282917445
ADAMS,39001,1970,Nontarget,0.563948463
PUTNAM,39137,1970,Nontarget,0.104633782
ALLEN,39003,1970,Nontarget,0.302455225
RICHLAND,39139,1970,Nontarget,1.27370097
ROSS,39141,1970,Nontarget,0.731401505
ASHTABULA,39007,1970,Nontarget,4.362906791
SCIOTO,39145,1970,Nontarget,0.842146494
ATHENS,39009,1970,Nontarget,0.768573868
SENECA,39147,1970,Nontarget,0.183350068
AUGLAIZE,39011,1970,Nontarget,1.032598907
BELMONT,39013,1970,Nontarget,1.840053464
STARK,39151,1970,Nontarget,2.029527968
WOOD,39173,1970,Nontarget,0.727004121
DEFIANCE,39039,1970,Nontarget,0.996387367
DELAWARE,39041,1970,Nontarget,2.849905003
ERIE,39043,1970,Nontarget,4.498269896
OTTAWA,39123,1970,Nontarget,9.693229261
PERRY,39127,1970,Nontarget,1.023631259
CARROLL,39019,1970,Nontarget,1.500030243
VINTON,39163,1970,Nontarget,0.587414214
WARREN,39165,1970,Nontarget,0.912484446
HARRISON,39067,1970,Nontarget,2.962092272
PICKAWAY,39129,1970,Nontarget,0.5146288
SANDUSKY,39143,1970,Nontarget,1.961128673
SUMMIT,39153,1970,Nontarget,3.136308806
CHAMPAIGN,39021,1970,Nontarget,0.325476992
CLARK,39023,1970,Nontarget,0.228159712
CLERMONT,39025,1970,Nontarget,0.671493023
LAKE,39085,1970,Nontarget,3.442520342
LAWRENCE,39087,1970,Nontarget,0.6495221
LOGAN,39091,1970,Nontarget,1.824855252
LORAIN,39093,1970,Nontarget,1.094498192
LUCAS,39095,1970,Nontarget,4.820534224
MADISON,39097,1970,Nontarget,0.232342007
MARION,39101,1970,Nontarget,0.370281892
MEDINA,39103,1970,Nontarget,1.066803583
MEIGS,39105,1970,Nontarget,1.065372602
MONROE,39111,1970,Nontarget,0.860203705
MORGAN,39115,1970,Nontarget,1.516278538
MORROW,39117,1970,Nontarget,0.337677725
MUSKINGUM,39119,1970,Nontarget,1.998493057
WYANDOT,39175,1970,Nontarget,0.686918932
FAYETTE,39047,1970,Nontarget,0.118518519
FULTON,39051,1970,Nontarget,0.207370542
GALLIA,39053,1970,Nontarget,1.131708316
GEAUGA,39055,1970,Nontarget,3.922958762
GREENE,39057,1970,Nontarget,0.220571163
HANCOCK,39063,1970,Nontarget,0.162770719
HARDIN,39065,1970,Nontarget,0.112820513
HENRY,39069,1970,Nontarget,0.960101184
UNION,39159,1970,Nontarget,0.143670222
VAN WERT,39161,1970,Nontarget,0.076457096
WASHINGTON,39167,1970,Nontarget,1.15818463
CRAWFORD,39033,1970,Nontarget,0.293588975
WAYNE,39169,1970,Nontarget,1.689189189
CUYAHOGA,39035,1970,Nontarget,1.119402985
DARKE,39037,1970,Nontarget,0.068429739
WILLIAMS,39171,1970,Nontarget,0.478932664
CLINTON,39027,1970,Nontarget,0.315918797
HAMILTON,39061,1970,Nontarget,1.531715873
FRANKLIN,39049,1970,Nontarget,1.149017346
ASHLAND,39005,1970,Nontarget,1.035009332
HURON,39077,1970,Nontarget,0.442714668
TRUMBULL,39155,1970,Nontarget,4.822797298
PORTAGE,39133,1970,Nontarget,5.575763377
TUSCARAWAS,39157,1970,Nontarget,2.171158233
MAHONING,39099,1970,Nontarget,4.093567251
COLUMBIANA,39029,1970,Nontarget,1.669373759
FAIRFIELD,39045,1970,Nontarget,0.801936035
LICKING,39089,1970,Nontarget,0.449406643
HOCKING,39073,1970,Nontarget,0.598324691
GUERNSEY,39059,1970,Nontarget,1.187323043
COSHOCTON,39031,1992,Developed,1.731104589
BROWN,39015,1992,Developed,1.188438402
HIGHLAND,39071,1992,Developed,1.315163314
HOLMES,39075,1992,Developed,0.768180266
JACKSON,39079,1992,Developed,2.482979575
JEFFERSON,39081,1992,Developed,5.060382916
KNOX,39083,1992,Developed,1.571897212
NOBLE,39121,1992,Developed,1.145038168
PAULDING,39125,1992,Developed,0.967741935
PIKE,39131,1992,Developed,1.282957325
SHELBY,39149,1992,Developed,2.185663925
MONTGOMERY,39113,1992,Developed,31.10522489
MIAMI,39109,1992,Developed,5.188457008
BUTLER,39017,1992,Developed,15.79812086
MERCER,39107,1992,Developed,1.57993986
PREBLE,39135,1992,Developed,1.929496973
ADAMS,39001,1992,Developed,0.889145021
PUTNAM,39137,1992,Developed,1.240657698
ALLEN,39003,1992,Developed,6.126200925
RICHLAND,39139,1992,Developed,6.035605732
ROSS,39141,1992,Developed,1.522011702
ASHTABULA,39007,1992,Developed,3.570578434
SCIOTO,39145,1992,Developed,1.907559734
ATHENS,39009,1992,Developed,2.10171743
SENECA,39147,1992,Developed,2.121622212
AUGLAIZE,39011,1992,Developed,2.629525125
BELMONT,39013,1992,Developed,3.519714859
STARK,39151,1992,Developed,17.69598669
WOOD,39173,1992,Developed,3.841069901
DEFIANCE,39039,1992,Developed,1.643165132
DELAWARE,39041,1992,Developed,3.842094152
ERIE,39043,1992,Developed,7.247732161
OTTAWA,39123,1992,Developed,5.22780904
PERRY,39127,1992,Developed,1.895180159
CARROLL,39019,1992,Developed,1.487933224
VINTON,39163,1992,Developed,0.930557171
WARREN,39165,1992,Developed,7.613912425
HARRISON,39067,1992,Developed,1.445783133
PICKAWAY,39129,1992,Developed,2.363480416
SANDUSKY,39143,1992,Developed,3.49490692
SUMMIT,39153,1992,Developed,31.36883221
CHAMPAIGN,39021,1992,Developed,1.947250281
CLARK,39023,1992,Developed,9.648754128
CLERMONT,39025,1992,Developed,7.554296506
LAKE,39085,1992,Developed,28.62507824
LAWRENCE,39087,1992,Developed,3.073348471
LOGAN,39091,1992,Developed,2.29528536
LORAIN,39093,1992,Developed,10.58829278
LUCAS,39095,1992,Developed,27.10072343
MADISON,39097,1992,Developed,2.106567534
MARION,39101,1992,Developed,3.523650263
MEDINA,39103,1992,Developed,6.286724856
MEIGS,39105,1992,Developed,0.808790718
MONROE,39111,1992,Developed,0.828539765
MORGAN,39115,1992,Developed,0.434857241
MORROW,39117,1992,Developed,0.776066351
MUSKINGUM,39119,1992,Developed,3.336801694
WYANDOT,39175,1992,Developed,0.888257239
FAYETTE,39047,1992,Developed,1.505185185
FULTON,39051,1992,Developed,1.718213058
GALLIA,39053,1992,Developed,1.367267513
GEAUGA,39055,1992,Developed,3.863878057
GREENE,39057,1992,Developed,11.46970049
HANCOCK,39063,1992,Developed,3.174029027
HARDIN,39065,1992,Developed,0.994871795
HENRY,39069,1992,Developed,1.425779004
UNION,39159,1992,Developed,2.044537769
VAN WERT,39161,1992,Developed,1.299770629
WASHINGTON,39167,1992,Developed,2.418229147
CRAWFORD,39033,1992,Developed,2.468544038
WAYNE,39169,1992,Developed,3.703222453
CUYAHOGA,39035,1992,Developed,60.47929367
DARKE,39037,1992,Developed,1.549732319
WILLIAMS,39171,1992,Developed,2.229317521
CLINTON,39027,1992,Developed,2.410343415
HAMILTON,39061,1992,Developed,53.82052032
FRANKLIN,39049,1992,Developed,42.4470964
ASHLAND,39005,1992,Developed,1.730671342
HURON,39077,1992,Developed,2.179518365
TRUMBULL,39155,1992,Developed,9.896030963
PORTAGE,39133,1992,Developed,5.427395425
TUSCARAWAS,39157,1992,Developed,4.11421813
MAHONING,39099,1992,Developed,16.78873559
COLUMBIANA,39029,1992,Developed,5.152499549
FAIRFIELD,39045,1992,Developed,4.697731802
LICKING,39089,1992,Developed,4.258830138
HOCKING,39073,1992,Developed,0.974414497
GUERNSEY,39059,1992,Developed,1.863183852
COSHOCTON,39031,1992,Forest,52.84334992
BROWN,39015,1992,Forest,30.40054776
HIGHLAND,39071,1992,Forest,22.02898551
HOLMES,39075,1992,Forest,37.87413224
JACKSON,39079,1992,Forest,64.95222839
JEFFERSON,39081,1992,Forest,63.46980854
KNOX,39083,1992,Forest,33.92564243
NOBLE,39121,1992,Forest,63.48998092
PAULDING,39125,1992,Forest,5.408986175
PIKE,39131,1992,Forest,65.86028812
SHELBY,39149,1992,Forest,8.901292597
MONTGOMERY,39113,1992,Forest,12.18967487
MIAMI,39109,1992,Forest,8.333333333
BUTLER,39017,1992,Forest,20.50623813
MERCER,39107,1992,Forest,5.376892105
PREBLE,39135,1992,Forest,12.29559215
ADAMS,39001,1992,Forest,57.4980447
PUTNAM,39137,1992,Forest,4.399601395
ALLEN,39003,1992,Forest,9.672636698
RICHLAND,39139,1992,Forest,33.01973272
ROSS,39141,1992,Forest,42.71384787
ASHTABULA,39007,1992,Forest,52.26986772
SCIOTO,39145,1992,Forest,73.39992166
ATHENS,39009,1992,Forest,67.54435905
SENECA,39147,1992,Forest,9.19369625
AUGLAIZE,39011,1992,Forest,8.206759921
BELMONT,39013,1992,Forest,55.96792159
STARK,39151,1992,Forest,26.18839676
WOOD,39173,1992,Forest,4.937407667
DEFIANCE,39039,1992,Forest,11.18168046
DELAWARE,39041,1992,Forest,21.34262191
ERIE,39043,1992,Forest,21.06050687
OTTAWA,39123,1992,Forest,9.039753131
PERRY,39127,1992,Forest,54.50982686
CARROLL,39019,1992,Forest,54.90836509
VINTON,39163,1992,Forest,79.35907875
WARREN,39165,1992,Forest,22.90691474
HARRISON,39067,1992,Forest,61.33999412
PICKAWAY,39129,1992,Forest,8.105403602
SANDUSKY,39143,1992,Forest,8.113804004
SUMMIT,39153,1992,Forest,41.58194038
CHAMPAIGN,39021,1992,Forest,10.15151515
CLARK,39023,1992,Forest,10.09306515
CLERMONT,39025,1992,Forest,43.23260938
LAKE,39085,1992,Forest,47.59023576
LAWRENCE,39087,1992,Forest,80.30311031
LOGAN,39091,1992,Forest,15.2346981
LORAIN,39093,1992,Forest,31.34466921
LUCAS,39095,1992,Forest,18.3082916
MADISON,39097,1992,Forest,4.347377117
MARION,39101,1992,Forest,8.20592451
MEDINA,39103,1992,Forest,32.74573564
MEIGS,39105,1992,Forest,65.71285141
MONROE,39111,1992,Forest,74.00918254
MORGAN,39115,1992,Forest,63.8038565
MORROW,39117,1992,Forest,23.24052133
MUSKINGUM,39119,1992,Forest,50.85931614
WYANDOT,39175,1992,Forest,9.214188429
FAYETTE,39047,1992,Forest,4.420740741
FULTON,39051,1992,Forest,6.890626852
GALLIA,39053,1992,Forest,63.48832446
GEAUGA,39055,1992,Forest,60.6463429
GREENE,39057,1992,Forest,11.73670769
HANCOCK,39063,1992,Forest,6.56960709
HARDIN,39065,1992,Forest,7.451282051
HENRY,39069,1992,Forest,4.817753248
UNION,39159,1992,Forest,9.382770625
VAN WERT,39161,1992,Forest,3.946362407
WASHINGTON,39167,1992,Forest,62.39106651
CRAWFORD,39033,1992,Forest,10.23367286
WAYNE,39169,1992,Forest,18.000693
CUYAHOGA,39035,1992,Forest,30.00315325
DARKE,39037,1992,Forest,5.731996941
WILLIAMS,39171,1992,Forest,13.02810879
CLINTON,39027,1992,Forest,9.875387586
HAMILTON,39061,1992,Forest,28.92136802
FRANKLIN,39049,1992,Forest,13.53089925
ASHLAND,39005,1992,Forest,33.51620383
HURON,39077,1992,Forest,18.69131598
TRUMBULL,39155,1992,Forest,48.3797526
PORTAGE,39133,1992,Forest,47.09964583
TUSCARAWAS,39157,1992,Forest,53.47216355
MAHONING,39099,1992,Forest,38.34667575
COLUMBIANA,39029,1992,Forest,44.08951453
FAIRFIELD,39045,1992,Forest,23.59305305
LICKING,39089,1992,Forest,35.93848747
HOCKING,39073,1992,Forest,77.47449997
GUERNSEY,39059,1992,Forest,62.59932414
COSHOCTON,39031,1992,Agriculture,43.29888137
BROWN,39015,1992,Agriculture,67.68719128
HIGHLAND,39071,1992,Agriculture,75.59160718
HOLMES,39075,1992,Agriculture,60.56105611
JACKSON,39079,1992,Agriculture,31.88969621
JEFFERSON,39081,1992,Agriculture,29.16642121
KNOX,39083,1992,Agriculture,63.64589029
NOBLE,39121,1992,Agriculture,33.50429389
PAULDING,39125,1992,Agriculture,93.00691244
PIKE,39131,1992,Agriculture,32.0250068
SHELBY,39149,1992,Agriculture,88.43125734
MONTGOMERY,39113,1992,Agriculture,55.84294173
MIAMI,39109,1992,Agriculture,86.02473498
BUTLER,39017,1992,Agriculture,62.69959439
MERCER,39107,1992,Agriculture,89.38382345
PREBLE,39135,1992,Agriculture,85.36185141
ADAMS,39001,1992,Agriculture,41.00358128
PUTNAM,39137,1992,Agriculture,94.10064773
ALLEN,39003,1992,Agriculture,83.47764204
RICHLAND,39139,1992,Agriculture,59.63718821
ROSS,39141,1992,Agriculture,54.81680134
ASHTABULA,39007,1992,Agriculture,39.77624375
SCIOTO,39145,1992,Agriculture,23.78378378
ATHENS,39009,1992,Agriculture,29.52367397
SENECA,39147,1992,Agriculture,88.30925045
AUGLAIZE,39011,1992,Agriculture,88.01104641
BELMONT,39013,1992,Agriculture,38.56983738
STARK,39151,1992,Agriculture,53.98627573
WOOD,39173,1992,Agriculture,90.39343752
DEFIANCE,39039,1992,Agriculture,86.12049878
DELAWARE,39041,1992,Agriculture,71.70677644
ERIE,39043,1992,Agriculture,67.00645282
OTTAWA,39123,1992,Agriculture,75.33127609
PERRY,39127,1992,Agriculture,42.43682733
CARROLL,39019,1992,Agriculture,42.0068953
VINTON,39163,1992,Agriculture,19.08223799
WARREN,39165,1992,Agriculture,67.7430823
HARRISON,39067,1992,Agriculture,34.08756979
PICKAWAY,39129,1992,Agriculture,88.4970933
SANDUSKY,39143,1992,Agriculture,86.11403817
SUMMIT,39153,1992,Agriculture,23.88419783
CHAMPAIGN,39021,1992,Agriculture,87.47474747
CLARK,39023,1992,Agriculture,78.99129391
CLERMONT,39025,1992,Agriculture,47.77043332
LAKE,39085,1992,Agriculture,20.38389318
LAWRENCE,39087,1992,Agriculture,15.88424777
LOGAN,39091,1992,Agriculture,80.45905707
LORAIN,39093,1992,Agriculture,56.95299521
LUCAS,39095,1992,Agriculture,49.53394546
MADISON,39097,1992,Agriculture,93.15881867
MARION,39101,1992,Agriculture,87.72097468
MEDINA,39103,1992,Agriculture,59.82086828
MEIGS,39105,1992,Agriculture,32.35162874
MONROE,39111,1992,Agriculture,24.22819146
MORGAN,39115,1992,Agriculture,34.13629341
MORROW,39117,1992,Agriculture,75.46208531
MUSKINGUM,39119,1992,Agriculture,43.67263464
WYANDOT,39175,1992,Agriculture,89.01521881
FAYETTE,39047,1992,Agriculture,93.89037037
FULTON,39051,1992,Agriculture,91.03566773
GALLIA,39053,1992,Agriculture,33.95637034
GEAUGA,39055,1992,Agriculture,31.49592343
GREENE,39057,1992,Agriculture,76.38727653
HANCOCK,39063,1992,Agriculture,89.68214496
HARDIN,39065,1992,Agriculture,91.36923077
HENRY,39069,1992,Agriculture,92.76187191
UNION,39159,1992,Agriculture,88.29087694
VAN WERT,39161,1992,Agriculture,94.55978357
WASHINGTON,39167,1992,Agriculture,33.94197759
CRAWFORD,39033,1992,Agriculture,86.836429
WAYNE,39169,1992,Agriculture,76.56358281
CUYAHOGA,39035,1992,Agriculture,8.387639268
DARKE,39037,1992,Agriculture,92.55725959
WILLIAMS,39171,1992,Agriculture,84.05838417
CLINTON,39027,1992,Agriculture,87.27549289
HAMILTON,39061,1992,Agriculture,15.73224203
FRANKLIN,39049,1992,Agriculture,42.47815092
ASHLAND,39005,1992,Agriculture,63.70680391
HURON,39077,1992,Agriculture,78.54536609
TRUMBULL,39155,1992,Agriculture,36.87106322
PORTAGE,39133,1992,Agriculture,41.86847899
TUSCARAWAS,39157,1992,Agriculture,40.06927431
MAHONING,39099,1992,Agriculture,40.75398853
COLUMBIANA,39029,1992,Agriculture,49.00739939
FAIRFIELD,39045,1992,Agriculture,70.78390434
LICKING,39089,1992,Agriculture,59.31114388
HOCKING,39073,1992,Agriculture,20.85019089
GUERNSEY,39059,1992,Agriculture,33.48707645
COSHOCTON,39031,1992,Nontarget,2.126664115
BROWN,39015,1992,Nontarget,0.723822566
HIGHLAND,39071,1992,Nontarget,1.064243997
HOLMES,39075,1992,Nontarget,0.796631387
JACKSON,39079,1992,Nontarget,0.675095829
JEFFERSON,39081,1992,Nontarget,2.303387334
KNOX,39083,1992,Nontarget,0.856570075
NOBLE,39121,1992,Nontarget,1.860687023
PAULDING,39125,1992,Nontarget,0.616359447
PIKE,39131,1992,Nontarget,0.831747758
SHELBY,39149,1992,Nontarget,0.481786134
MONTGOMERY,39113,1992,Nontarget,0.862158513
MIAMI,39109,1992,Nontarget,0.453474676
BUTLER,39017,1992,Nontarget,0.996046619
MERCER,39107,1992,Nontarget,3.65934458
PREBLE,39135,1992,Nontarget,0.413059469
ADAMS,39001,1992,Nontarget,0.609228996
PUTNAM,39137,1992,Nontarget,0.259093174
ALLEN,39003,1992,Nontarget,0.723520342
RICHLAND,39139,1992,Nontarget,1.307473344
ROSS,39141,1992,Nontarget,0.947339092
ASHTABULA,39007,1992,Nontarget,4.383310096
SCIOTO,39145,1992,Nontarget,0.908734822
ATHENS,39009,1992,Nontarget,0.830249549
SENECA,39147,1992,Nontarget,0.375431091
AUGLAIZE,39011,1992,Nontarget,1.152668548
BELMONT,39013,1992,Nontarget,1.942526175
STARK,39151,1992,Nontarget,2.129340819
WOOD,39173,1992,Nontarget,0.828084908
DEFIANCE,39039,1992,Nontarget,1.054655635
DELAWARE,39041,1992,Nontarget,3.108507494
ERIE,39043,1992,Nontarget,4.685308146
OTTAWA,39123,1992,Nontarget,10.40116174
PERRY,39127,1992,Nontarget,1.158165653
CARROLL,39019,1992,Nontarget,1.596806387
VINTON,39163,1992,Nontarget,0.62812609
WARREN,39165,1992,Nontarget,1.736090537
HARRISON,39067,1992,Nontarget,3.126652953
PICKAWAY,39129,1992,Nontarget,1.034022682
SANDUSKY,39143,1992,Nontarget,2.277250907
SUMMIT,39153,1992,Nontarget,3.165029582
CHAMPAIGN,39021,1992,Nontarget,0.426487093
CLARK,39023,1992,Nontarget,1.266886821
CLERMONT,39025,1992,Nontarget,1.442660791
LAKE,39085,1992,Nontarget,3.400792823
LAWRENCE,39087,1992,Nontarget,0.739293447
LOGAN,39091,1992,Nontarget,2.010959471
LORAIN,39093,1992,Nontarget,1.114042803
LUCAS,39095,1992,Nontarget,5.05703951
MADISON,39097,1992,Nontarget,0.387236679
MARION,39101,1992,Nontarget,0.549450549
MEDINA,39103,1992,Nontarget,1.146671231
MEIGS,39105,1992,Nontarget,1.126729139
MONROE,39111,1992,Nontarget,0.934086231
MORGAN,39115,1992,Nontarget,1.624992848
MORROW,39117,1992,Nontarget,0.521327014
MUSKINGUM,39119,1992,Nontarget,2.131247533
WYANDOT,39175,1992,Nontarget,0.882335524
FAYETTE,39047,1992,Nontarget,0.183703704
FULTON,39051,1992,Nontarget,0.355492357
GALLIA,39053,1992,Nontarget,1.188037689
GEAUGA,39055,1992,Nontarget,3.993855607
GREENE,39057,1992,Nontarget,0.406315301
HANCOCK,39063,1992,Nontarget,0.574218927
HARDIN,39065,1992,Nontarget,0.184615385
HENRY,39069,1992,Nontarget,0.994595838
UNION,39159,1992,Nontarget,0.281814665
VAN WERT,39161,1992,Nontarget,0.194083397
WASHINGTON,39167,1992,Nontarget,1.248726751
CRAWFORD,39033,1992,Nontarget,0.461354104
WAYNE,39169,1992,Nontarget,1.732501733
CUYAHOGA,39035,1992,Nontarget,1.129913811
DARKE,39037,1992,Nontarget,0.16101115
WILLIAMS,39171,1992,Nontarget,0.68418952
CLINTON,39027,1992,Nontarget,0.438776107
HAMILTON,39061,1992,Nontarget,1.525869629
FRANKLIN,39049,1992,Nontarget,1.543853423
ASHLAND,39005,1992,Nontarget,1.046320909
HURON,39077,1992,Nontarget,0.583799562
TRUMBULL,39155,1992,Nontarget,4.853153222
PORTAGE,39133,1992,Nontarget,5.604479755
TUSCARAWAS,39157,1992,Nontarget,2.344344006
MAHONING,39099,1992,Nontarget,4.110600125
COLUMBIANA,39029,1992,Nontarget,1.750586537
FAIRFIELD,39045,1992,Nontarget,0.92531081
LICKING,39089,1992,Nontarget,0.491538516
HOCKING,39073,1992,Nontarget,0.700894638
GUERNSEY,39059,1992,Nontarget,2.050415563
PAULDING,39125,2016,Developed,6.741433218
PUTNAM,39137,2016,Developed,7.409323376
ALLEN,39003,2016,Developed,17.38040901
DEFIANCE,39039,2016,Developed,7.957311318
WYANDOT,39175,2016,Developed,6.566193606
HANCOCK,39063,2016,Developed,10.57838789
HARDIN,39065,2016,Developed,6.027617566
VAN WERT,39161,2016,Developed,7.348106201
SENECA,39147,2016,Developed,7.749126888
WOOD,39173,2016,Developed,13.59591827
OTTAWA,39123,2016,Developed,14.20226823
SANDUSKY,39143,2016,Developed,10.22694035
LUCAS,39095,2016,Developed,45.11309197
FULTON,39051,2016,Developed,8.249231932
HENRY,39069,2016,Developed,7.354329144
WILLIAMS,39171,2016,Developed,8.104626148
RICHLAND,39139,2016,Developed,13.50202644
ERIE,39043,2016,Developed,16.92569525
LORAIN,39093,2016,Developed,26.80096907
MEDINA,39103,2016,Developed,20.83016723
CRAWFORD,39033,2016,Developed,8.641721769
WAYNE,39169,2016,Developed,11.81062089
ASHLAND,39005,2016,Developed,7.8738317
HURON,39077,2016,Developed,7.936144274
ASHTABULA,39007,2016,Developed,9.856836957
STARK,39151,2016,Developed,30.52765738
SUMMIT,39153,2016,Developed,55.85151538
TRUMBULL,39155,2016,Developed,18.48202705
PORTAGE,39133,2016,Developed,16.62931183
MAHONING,39099,2016,Developed,28.15511915
COSHOCTON,39031,2016,Developed,6.549434665
KNOX,39083,2016,Developed,7.142679023
PERRY,39127,2016,Developed,6.156631236
MUSKINGUM,39119,2016,Developed,9.100688924
FAIRFIELD,39045,2016,Developed,12.63730782
LICKING,39089,2016,Developed,11.62485838
GUERNSEY,39059,2016,Developed,8.093286853
DELAWARE,39041,2016,Developed,19.05266997
PICKAWAY,39129,2016,Developed,6.902268527
MADISON,39097,2016,Developed,5.971561726
MARION,39101,2016,Developed,9.95189409
MORROW,39117,2016,Developed,6.108792393
FAYETTE,39047,2016,Developed,6.157762638
UNION,39159,2016,Developed,8.788100091
FRANKLIN,39049,2016,Developed,62.72083959
SHELBY,39149,2016,Developed,8.213216008
MONTGOMERY,39113,2016,Developed,44.5330826
MIAMI,39109,2016,Developed,12.91604478
MERCER,39107,2016,Developed,7.628479127
AUGLAIZE,39011,2016,Developed,9.008561921
CHAMPAIGN,39021,2016,Developed,6.215284204
CLARK,39023,2016,Developed,16.63683388
LOGAN,39091,2016,Developed,8.596512521
DARKE,39037,2016,Developed,7.204705975
BUTLER,39017,2016,Developed,32.04590409
PREBLE,39135,2016,Developed,6.94188175
WARREN,39165,2016,Developed,23.92822173
CLERMONT,39025,2016,Developed,16.73935815
GREENE,39057,2016,Developed,20.80134992
CLINTON,39027,2016,Developed,7.652962358
HAMILTON,39061,2016,Developed,55.99614269
BROWN,39015,2016,Developed,6.449192292
HIGHLAND,39071,2016,Developed,5.714155773
JACKSON,39079,2016,Developed,6.684143275
PIKE,39131,2016,Developed,5.797267068
ADAMS,39001,2016,Developed,5.161659327
ROSS,39141,2016,Developed,6.449094097
SCIOTO,39145,2016,Developed,7.071773034
LAWRENCE,39087,2016,Developed,8.744024859
NOBLE,39121,2016,Developed,6.049821147
ATHENS,39009,2016,Developed,7.854447226
VINTON,39163,2016,Developed,4.522787699
MEIGS,39105,2016,Developed,6.280339976
MONROE,39111,2016,Developed,6.181423197
MORGAN,39115,2016,Developed,5.440862218
GALLIA,39053,2016,Developed,6.63184216
WASHINGTON,39167,2016,Developed,8.501298837
HOCKING,39073,2016,Developed,5.972203189
HOLMES,39075,2016,Developed,6.732882066
JEFFERSON,39081,2016,Developed,10.1421371
BELMONT,39013,2016,Developed,9.134452552
CARROLL,39019,2016,Developed,7.125736612
HARRISON,39067,2016,Developed,6.394901073
TUSCARAWAS,39157,2016,Developed,10.71633844
COLUMBIANA,39029,2016,Developed,11.77621743
LAKE,39085,2016,Developed,47.76462745
GEAUGA,39055,2016,Developed,16.10168698
CUYAHOGA,39035,2016,Developed,77.02626895
PAULDING,39125,2016,Forest,5.86673259
PUTNAM,39137,2016,Forest,3.777666487
ALLEN,39003,2016,Forest,8.416807308
DEFIANCE,39039,2016,Forest,12.0683623
WYANDOT,39175,2016,Forest,9.768409994
HANCOCK,39063,2016,Forest,6.640178434
HARDIN,39065,2016,Forest,7.666935197
VAN WERT,39161,2016,Forest,3.388033757
SENECA,39147,2016,Forest,9.049132481
WOOD,39173,2016,Forest,4.99655358
OTTAWA,39123,2016,Forest,4.218705254
SANDUSKY,39143,2016,Forest,7.748997553
LUCAS,39095,2016,Forest,13.77899605
FULTON,39051,2016,Forest,7.781096616
HENRY,39069,2016,Forest,4.967297534
WILLIAMS,39171,2016,Forest,13.45737605
RICHLAND,39139,2016,Forest,34.09775149
ERIE,39043,2016,Forest,19.47695091
LORAIN,39093,2016,Forest,28.85728998
MEDINA,39103,2016,Forest,33.31430247
CRAWFORD,39033,2016,Forest,10.363094
WAYNE,39169,2016,Forest,19.62253418
ASHLAND,39005,2016,Forest,34.22236556
HURON,39077,2016,Forest,18.35323132
ASHTABULA,39007,2016,Forest,52.41019931
STARK,39151,2016,Forest,26.26344358
SUMMIT,39153,2016,Forest,32.26830822
TRUMBULL,39155,2016,Forest,45.36632644
PORTAGE,39133,2016,Forest,43.71673731
MAHONING,39099,2016,Forest,34.60078501
COSHOCTON,39031,2016,Forest,59.18482721
KNOX,39083,2016,Forest,34.78108795
PERRY,39127,2016,Forest,60.50060063
MUSKINGUM,39119,2016,Forest,57.95476447
FAIRFIELD,39045,2016,Forest,25.5513495
LICKING,39089,2016,Forest,36.37131156
GUERNSEY,39059,2016,Forest,63.65734758
DELAWARE,39041,2016,Forest,18.98398322
PICKAWAY,39129,2016,Forest,8.868110581
MADISON,39097,2016,Forest,4.889607846
MARION,39101,2016,Forest,7.9688262
MORROW,39117,2016,Forest,25.54704553
FAYETTE,39047,2016,Forest,5.146559957
UNION,39159,2016,Forest,9.759526117
FRANKLIN,39049,2016,Forest,9.731539551
SHELBY,39149,2016,Forest,9.932227769
MONTGOMERY,39113,2016,Forest,13.05224939
MIAMI,39109,2016,Forest,9.1692673
MERCER,39107,2016,Forest,5.252502564
AUGLAIZE,39011,2016,Forest,7.616071822
CHAMPAIGN,39021,2016,Forest,12.13679994
CLARK,39023,2016,Forest,10.55379981
LOGAN,39091,2016,Forest,15.98948053
DARKE,39037,2016,Forest,6.125683516
BUTLER,39017,2016,Forest,21.7833679
PREBLE,39135,2016,Forest,15.93370204
WARREN,39165,2016,Forest,30.08518957
CLERMONT,39025,2016,Forest,50.84831911
GREENE,39057,2016,Forest,14.27201457
CLINTON,39027,2016,Forest,15.12882859
HAMILTON,39061,2016,Forest,32.63000535
BROWN,39015,2016,Forest,38.65097589
HIGHLAND,39071,2016,Forest,32.10484705
JACKSON,39079,2016,Forest,65.6199662
PIKE,39131,2016,Forest,64.27275474
ADAMS,39001,2016,Forest,63.08347015
ROSS,39141,2016,Forest,47.20736678
SCIOTO,39145,2016,Forest,70.12871203
LAWRENCE,39087,2016,Forest,79.59400597
NOBLE,39121,2016,Forest,69.74333832
ATHENS,39009,2016,Forest,74.06110631
VINTON,39163,2016,Forest,79.82163418
MEIGS,39105,2016,Forest,70.62379112
MONROE,39111,2016,Forest,77.11493045
MORGAN,39115,2016,Forest,71.49285207
GALLIA,39053,2016,Forest,66.12844965
WASHINGTON,39167,2016,Forest,66.75032362
HOCKING,39073,2016,Forest,80.28973543
HOLMES,39075,2016,Forest,40.82422687
JEFFERSON,39081,2016,Forest,65.98077991
BELMONT,39013,2016,Forest,58.63956627
CARROLL,39019,2016,Forest,56.20260904
HARRISON,39067,2016,Forest,62.84210491
TUSCARAWAS,39157,2016,Forest,54.08839688
COLUMBIANA,39029,2016,Forest,46.79293804
LAKE,39085,2016,Forest,34.43482779
GEAUGA,39055,2016,Forest,55.22257003
CUYAHOGA,39035,2016,Forest,19.79426351
PAULDING,39125,2016,Agriculture,85.54022968
PUTNAM,39137,2016,Agriculture,87.77996533
ALLEN,39003,2016,Agriculture,72.15533675
DEFIANCE,39039,2016,Agriculture,77.81614837
WYANDOT,39175,2016,Agriculture,81.32365895
HANCOCK,39063,2016,Agriculture,81.39721411
HARDIN,39065,2016,Agriculture,85.41907415
VAN WERT,39161,2016,Agriculture,88.61400851
SENECA,39147,2016,Agriculture,82.05168976
WOOD,39173,2016,Agriculture,79.71774629
OTTAWA,39123,2016,Agriculture,60.32531445
SANDUSKY,39143,2016,Agriculture,76.0906379
LUCAS,39095,2016,Agriculture,33.7452501
FULTON,39051,2016,Agriculture,83.08066653
HENRY,39069,2016,Agriculture,86.33864852
WILLIAMS,39171,2016,Agriculture,76.91048232
RICHLAND,39139,2016,Agriculture,50.87682851
ERIE,39043,2016,Agriculture,56.08568175
LORAIN,39093,2016,Agriculture,42.86400651
MEDINA,39103,2016,Agriculture,44.33579968
CRAWFORD,39033,2016,Agriculture,80.14006373
WAYNE,39169,2016,Agriculture,67.10572112
ASHLAND,39005,2016,Agriculture,56.49304639
HURON,39077,2016,Agriculture,72.4277647
ASHTABULA,39007,2016,Agriculture,33.54477022
STARK,39151,2016,Agriculture,40.1804436
SUMMIT,39153,2016,Agriculture,8.464930788
TRUMBULL,39155,2016,Agriculture,30.94546325
PORTAGE,39133,2016,Agriculture,33.53085909
MAHONING,39099,2016,Agriculture,32.46779047
COSHOCTON,39031,2016,Agriculture,31.97279287
KNOX,39083,2016,Agriculture,56.69873886
PERRY,39127,2016,Agriculture,30.81634647
MUSKINGUM,39119,2016,Agriculture,28.82831259
FAIRFIELD,39045,2016,Agriculture,60.14314998
LICKING,39089,2016,Agriculture,50.49723539
GUERNSEY,39059,2016,Agriculture,25.0102095
DELAWARE,39041,2016,Agriculture,57.71008723
PICKAWAY,39129,2016,Agriculture,82.61271443
MADISON,39097,2016,Agriculture,88.47310987
MARION,39101,2016,Agriculture,80.4660588
MORROW,39117,2016,Agriculture,67.47086817
FAYETTE,39047,2016,Agriculture,88.25310022
UNION,39159,2016,Agriculture,80.49582424
FRANKLIN,39049,2016,Agriculture,24.79121056
SHELBY,39149,2016,Agriculture,80.18724088
MONTGOMERY,39113,2016,Agriculture,40.66599047
MIAMI,39109,2016,Agriculture,76.17562754
MERCER,39107,2016,Agriculture,82.7666826
AUGLAIZE,39011,2016,Agriculture,81.34568182
CHAMPAIGN,39021,2016,Agriculture,80.41869483
CLARK,39023,2016,Agriculture,70.18186034
LOGAN,39091,2016,Agriculture,72.46992442
DARKE,39037,2016,Agriculture,85.88016244
BUTLER,39017,2016,Agriculture,44.35512077
PREBLE,39135,2016,Agriculture,76.07541532
WARREN,39165,2016,Agriculture,43.36795617
CLERMONT,39025,2016,Agriculture,29.97260758
GREENE,39057,2016,Agriculture,63.53051737
CLINTON,39027,2016,Agriculture,76.47545003
HAMILTON,39061,2016,Agriculture,8.437661862
BROWN,39015,2016,Agriculture,53.22431431
HIGHLAND,39071,2016,Agriculture,60.26761879
JACKSON,39079,2016,Agriculture,22.86863691
PIKE,39131,2016,Agriculture,24.46364361
ADAMS,39001,2016,Agriculture,29.6605006
ROSS,39141,2016,Agriculture,43.5799927
SCIOTO,39145,2016,Agriculture,18.68738543
LAWRENCE,39087,2016,Agriculture,9.768703987
NOBLE,39121,2016,Agriculture,18.90763374
ATHENS,39009,2016,Agriculture,16.20905022
VINTON,39163,2016,Agriculture,11.28988632
MEIGS,39105,2016,Agriculture,19.93693544
MONROE,39111,2016,Agriculture,15.18014392
MORGAN,39115,2016,Agriculture,20.39732032
GALLIA,39053,2016,Agriculture,23.90145048
WASHINGTON,39167,2016,Agriculture,21.95072022
HOCKING,39073,2016,Agriculture,11.97862516
HOLMES,39075,2016,Agriculture,51.4689135
JEFFERSON,39081,2016,Agriculture,20.67054121
BELMONT,39013,2016,Agriculture,27.95924677
CARROLL,39019,2016,Agriculture,33.8621205
HARRISON,39067,2016,Agriculture,25.92329606
TUSCARAWAS,39157,2016,Agriculture,31.18164794
COLUMBIANA,39029,2016,Agriculture,39.03414876
LAKE,39085,2016,Agriculture,13.17213585
GEAUGA,39055,2016,Agriculture,24.84827188
CUYAHOGA,39035,2016,Agriculture,1.51236304
PAULDING,39125,2016,Nontarget,1.851604517
PUTNAM,39137,2016,Nontarget,1.033044806
ALLEN,39003,2016,Nontarget,2.047446926
DEFIANCE,39039,2016,Nontarget,2.158178012
WYANDOT,39175,2016,Nontarget,2.341737449
HANCOCK,39063,2016,Nontarget,1.384219558
HARDIN,39065,2016,Nontarget,0.886373085
VAN WERT,39161,2016,Nontarget,0.649851529
SENECA,39147,2016,Nontarget,1.150050875
WOOD,39173,2016,Nontarget,1.689781854
OTTAWA,39123,2016,Nontarget,21.25371206
SANDUSKY,39143,2016,Nontarget,5.933424201
LUCAS,39095,2016,Nontarget,7.362661887
FULTON,39051,2016,Nontarget,0.88900492
HENRY,39069,2016,Nontarget,1.339724803
WILLIAMS,39171,2016,Nontarget,1.527515478
RICHLAND,39139,2016,Nontarget,1.523393558
ERIE,39043,2016,Nontarget,7.511672082
LORAIN,39093,2016,Nontarget,1.477734445
MEDINA,39103,2016,Nontarget,1.519730622
CRAWFORD,39033,2016,Nontarget,0.855120498
WAYNE,39169,2016,Nontarget,1.461123815
ASHLAND,39005,2016,Nontarget,1.410756345
HURON,39077,2016,Nontarget,1.282859705
ASHTABULA,39007,2016,Nontarget,4.188193517
STARK,39151,2016,Nontarget,3.028455443
SUMMIT,39153,2016,Nontarget,3.415245613
TRUMBULL,39155,2016,Nontarget,5.206183258
PORTAGE,39133,2016,Nontarget,6.123091767
MAHONING,39099,2016,Nontarget,4.776305366
COSHOCTON,39031,2016,Nontarget,2.292945255
KNOX,39083,2016,Nontarget,1.377494169
PERRY,39127,2016,Nontarget,2.526421665
MUSKINGUM,39119,2016,Nontarget,4.11623402
FAIRFIELD,39045,2016,Nontarget,1.668192689
LICKING,39089,2016,Nontarget,1.506594669
GUERNSEY,39059,2016,Nontarget,3.239156068
DELAWARE,39041,2016,Nontarget,4.253259581
PICKAWAY,39129,2016,Nontarget,1.616906461
MADISON,39097,2016,Nontarget,0.665720558
MARION,39101,2016,Nontarget,1.613220911
MORROW,39117,2016,Nontarget,0.873293908
FAYETTE,39047,2016,Nontarget,0.442577189
UNION,39159,2016,Nontarget,0.956549548
FRANKLIN,39049,2016,Nontarget,2.756410297
SHELBY,39149,2016,Nontarget,1.66731534
MONTGOMERY,39113,2016,Nontarget,1.748677534
MIAMI,39109,2016,Nontarget,1.73906038
MERCER,39107,2016,Nontarget,4.352335714
AUGLAIZE,39011,2016,Nontarget,2.029684438
CHAMPAIGN,39021,2016,Nontarget,1.229221033
CLARK,39023,2016,Nontarget,2.627505976
LOGAN,39091,2016,Nontarget,2.944082536
DARKE,39037,2016,Nontarget,0.789448064
BUTLER,39017,2016,Nontarget,1.815607242
PREBLE,39135,2016,Nontarget,1.049000895
WARREN,39165,2016,Nontarget,2.618632532
CLERMONT,39025,2016,Nontarget,2.439715155
GREENE,39057,2016,Nontarget,1.396118135
CLINTON,39027,2016,Nontarget,0.742759026
HAMILTON,39061,2016,Nontarget,2.936190103
BROWN,39015,2016,Nontarget,1.675517505
HIGHLAND,39071,2016,Nontarget,1.913378385
JACKSON,39079,2016,Nontarget,4.827253617
PIKE,39131,2016,Nontarget,5.466334586
ADAMS,39001,2016,Nontarget,2.094369929
ROSS,39141,2016,Nontarget,2.763546423
SCIOTO,39145,2016,Nontarget,4.112129502
LAWRENCE,39087,2016,Nontarget,1.893265189
NOBLE,39121,2016,Nontarget,5.299206798
ATHENS,39009,2016,Nontarget,1.875396244
VINTON,39163,2016,Nontarget,4.365691796
MEIGS,39105,2016,Nontarget,3.158933463
MONROE,39111,2016,Nontarget,1.523502437
MORGAN,39115,2016,Nontarget,2.668965387
GALLIA,39053,2016,Nontarget,3.338257713
WASHINGTON,39167,2016,Nontarget,2.797657316
HOCKING,39073,2016,Nontarget,1.759436219
HOLMES,39075,2016,Nontarget,0.973977561
JEFFERSON,39081,2016,Nontarget,3.206541783
BELMONT,39013,2016,Nontarget,4.266734405
CARROLL,39019,2016,Nontarget,2.809533846
HARRISON,39067,2016,Nontarget,4.839697964
TUSCARAWAS,39157,2016,Nontarget,4.013616738
COLUMBIANA,39029,2016,Nontarget,2.396695772
LAKE,39085,2016,Nontarget,4.628408917
GEAUGA,39055,2016,Nontarget,3.827471107
CUYAHOGA,39035,2016,Nontarget,1.667104495
