"Year","County","Population","Area","Urban_pop","Density","Prop_urban"
1890,"Adams",26093,585.7856879,0,44.5435942512381,0
1890,"Allen",40644,406.8799787,18312,99.8918652371626,0.450546206082079
1890,"Ashland",22223,426.8442626,3566,52.0634853204655,0.160464383746569
1890,"Ashtabula",43655,709.7655449,11579,61.5062259836107,0.26523880426068
1890,"Athens",35194,508.5371204,7178,69.2063540461264,0.203955219639711
1890,"Auglaize",28100,401.7178055,6616,69.9496004789362,0.235444839857651
1890,"Belmont",57413,541.3875198,22760,106.047882339825,0.396425896573947
1890,"Brown",29899,495.21664,0,60.375596425839,0
1890,"Butler",48597,470.2001799,25246,103.353852417358,0.519497088297632
1890,"Carroll",17566,399.0057851,0,44.0244243466233,0
1890,"Champaign",26980,429.7047661,6510,62.7872952047296,0.241289844329133
1890,"Clark",52277,403.7946845,31895,129.464309478794,0.610115347093368
1890,"Clermont",33553,457.6712534,0,73.3124480743277,0
1890,"Clinton",24240,412.2846827,3079,58.7943259042643,0.127021452145215
1890,"Columbiana",59029,535.1811095,24809,110.297241349099,0.420284944688204
1890,"Coshocton",26703,567.5733154,3672,47.0476663991522,0.137512639029323
1890,"Crawford",31927,402.8284317,15211,79.2570669981336,0.476430607322956
1890,"Cuyahoga",309970,459.4089174,275464,674.714809094822,0.888679549633836
1890,"Darke",42961,600.2857753,6766,71.5675795891211,0.157491678499104
1890,"Defiance",25769,414.1832822,7694,62.2164174833998,0.298575808141565
1890,"Delaware",27189,455.9736449,8224,59.6284463018972,0.302475265732465
1890,"Erie",35462,256.5773663,18471,138.211723471105,0.520867407365631
1890,"Fairfield",33939,508.5959272,7555,66.7307742451776,0.22260526238251
1890,"Fayette",22309,407.0773975,5742,54.8028461835688,0.257384911918956
1890,"Franklin",124087,543.3247829,88150,228.384575681758,0.710388678910764
1890,"Fulton",22023,407.319194,0,54.0681615902441,0
1890,"Gallia",27005,471.1353678,4498,57.3189827078824,0.166561747824477
1890,"Geauga",13489,408.2840356,0,33.0382743968351,0
1890,"Greene",29820,416.2127896,7301,71.6460443915201,0.244835680751174
1890,"Guernsey",28645,528.2915106,4361,54.2219578116385,0.152242974341072
1890,"Hamilton",374573,412.783997,304268,907.431011672674,0.812306279416829
1890,"Hancock",42563,533.5929542,19738,79.7667953914673,0.463736108826915
1890,"Hardin",28939,470.5338155,5557,61.5024872744773,0.192024603476278
1890,"Harrison",20830,410.7887208,2764,50.7073318844639,0.132693230916947
1890,"Henry",25080,419.9748001,3620,59.7178687721935,0.144338118022329
1890,"Highland",29048,557.8397218,0,52.0723047585601,0
1890,"Hocking",22658,423.5991399,3119,53.4892493061929,0.137655574190132
1890,"Holmes",21139,424.0182617,0,49.8539848619921,0
1890,"Huron",31949,494.5126957,9228,64.607036943258,0.288835331309274
1890,"Jackson",28408,421.4991208,8697,67.3975308562494,0.306146156012391
1890,"Jefferson",39415,410.8725212,15930,95.9299976666339,0.404160852467335
1890,"Knox",27600,529.5310711,6027,52.1215873936656,0.218369565217391
1890,"Lake",18235,231.713917,4755,78.6961794789391,0.260762270359199
1890,"Lawrence",39556,457.2767256,10939,86.5034185767884,0.27654464556578
1890,"Licking",43279,688.3791723,14270,62.8708737008951,0.329721111855634
1890,"Logan",27386,466.7751359,4245,58.6706486565451,0.155006207551304
1890,"Lorain",40295,494.6682882,14850,81.4586278546893,0.368532075939943
1890,"Lucas",102296,347.0145405,81434,294.788800067587,0.796062407132244
1890,"Madison",20057,465.9406905,3313,43.0462511837652,0.16517923916837
1890,"Mahoning",55979,423.3810368,33220,132.218959127458,0.593436824523482
1890,"Marion",24727,404.14415,8327,61.1836148067465,0.336757390706515
1890,"Medina",21742,423.1117488,0,51.3859519657942,0
1890,"Meigs",29813,432.3764235,7937,68.9514931426413,0.26622614295777
1890,"Mercer",27220,473.2922692,2702,57.5120317219836,0.0992652461425422
1890,"Miami",39754,409.2189093,13584,97.1460484756245,0.341701464003622
1890,"Monroe",25175,457.4577711,0,55.0324020935623,0
1890,"Montgomery",100852,464.3444281,64172,217.192226065176,0.636298734779677
1890,"Morgan",19143,421.8582103,0,45.3778059371813,0
1890,"Morrow",18120,407.3550166,0,44.4820838374327,0
1890,"Muskingum",51210,672.5903452,21009,76.1384702671762,0.410251903925015
1890,"Noble",20753,404.5847632,0,51.2945663990344,0
1890,"Ottawa",21974,267.0984085,0,82.269303375501,0
1890,"Paulding",25932,418.8962125,0,61.9055489789132,0
1890,"Perry",31151,412.5924782,6048,75.50064929904,0.194151070591634
1890,"Pickaway",26959,506.7893478,6556,53.1956721604952,0.243184094365518
1890,"Pike",17482,443.941743,0,39.3790407765282,0
1890,"Portage",27868,507.1042042,6918,54.9551744378932,0.248241710922922
1890,"Preble",23421,426.3253099,2934,54.9369213042822,0.125272191622903
1890,"Putnam",30188,484.2260971,0,62.3427778486002,0
1890,"Richland",38072,500.3257215,13473,76.0944288170082,0.353882118092036
1890,"Ross",39454,692.9600379,11288,56.9354621365533,0.286105337861814
1890,"Sandusky",30617,412.3483058,8160,74.250335382365,0.266518600777346
1890,"Scioto",35377,616.0733749,12394,57.4233548166926,0.350340616784917
1890,"Seneca",40869,552.3652955,16686,73.9890799312536,0.408280114512222
1890,"Shelby",24707,411.0359548,4850,60.1090968113041,0.196300643542316
1890,"Stark",84170,580.9081748,43888,144.893812225966,0.521420933824403
1890,"Summit",54089,420.0610528,30215,128.764615618275,0.558616354526798
1890,"Trumbull",42373,634.714985,10262,66.7590981801068,0.242182521888939
1890,"Tuscarawas",46618,571.4823452,14693,81.5738235687495,0.31517868634433
1890,"Union",22860,436.9747083,2810,52.314240540223,0.122922134733158
1890,"Van Wert",29671,410.4847746,7697,72.2828271253499,0.259411546628021
1890,"Vinton",16045,414.9590297,0,38.6664678958786,0
1890,"Warren",25468,407.1390756,5779,62.5535634536377,0.226912203549552
1890,"Washington",42380,640.1477126,8273,66.2034701770174,0.195210004719207
1890,"Wayne",39005,556.3108323,5901,70.1136805816607,0.15128829637226
1890,"Williams",24897,423.0502233,3068,58.8511685581706,0.123227698116239
1890,"Wood",44392,620.5390077,6324,71.5378073725566,0.142458100558659
1890,"Wyandot",21722,407.620576,3572,53.2897534593543,0.164441579965012
1900,"Adams",26328,585.7856879,0,44.9447648582607,0
1900,"Allen",47976,406.8799787,24012,117.911921233592,0.500500250125062
1900,"Ashland",21184,426.8442626,4087,49.6293422593142,0.192928625377643
1900,"Ashtabula",51448,709.7655449,20082,72.4859080152286,0.390335873114601
1900,"Athens",38730,508.5371204,8487,76.1596321022468,0.219132455460883
1900,"Auglaize",31192,401.7178055,9274,77.6465458412448,0.297319825596307
1900,"Belmont",60875,541.3875198,25356,112.442562441204,0.416525667351129
1900,"Brown",28237,495.21664,0,57.0194894904985,0
1900,"Butler",56870,470.2001799,33129,120.948486264073,0.582539124318621
1900,"Carroll",16811,399.0057851,0,42.1322212052308,0
1900,"Champaign",26642,429.7047661,6808,62.0007086302597,0.255536371143308
1900,"Clark",58939,403.7946845,38253,145.962793128348,0.649026960077368
1900,"Clermont",31610,457.6712534,0,69.0670426975084,0
1900,"Clinton",24202,412.2846827,3613,58.7021565814771,0.149285183042724
1900,"Columbiana",68590,535.1811095,36287,128.162221689927,0.529042134421927
1900,"Coshocton",29337,567.5733154,6473,51.6884765439062,0.220642874186181
1900,"Crawford",33915,402.8284317,17124,84.192170490234,0.504909332153914
1900,"Cuyahoga",439120,459.4089174,405526,955.836909925859,0.923496993987976
1900,"Darke",42532,600.2857753,6783,70.8529199758967,0.159479921000658
1900,"Defiance",26387,414.1832822,10099,63.7085105411336,0.382726342517149
1900,"Delaware",26401,455.9736449,7940,57.900276244672,0.300746183856672
1900,"Erie",37650,256.5773663,19664,146.739365762989,0.522284196547145
1900,"Fairfield",34259,508.5959272,8991,67.3599574196512,0.262441986047462
1900,"Fayette",21725,407.0773975,5751,53.368229563765,0.264718066743383
1900,"Franklin",164460,543.3247829,125560,302.691880024676,0.763468320564271
1900,"Fulton",22801,407.319194,0,55.9782115251853,0
1900,"Gallia",27918,471.1353678,5432,59.2568546283525,0.194569811591088
1900,"Geauga",14744,408.2840356,0,36.1121148867178,0
1900,"Greene",31613,416.2127896,8696,75.953937000306,0.27507670894885
1900,"Guernsey",34425,528.2915106,8241,65.1628869843134,0.239389978213508
1900,"Hamilton",409479,412.783997,349768,991.993398426248,0.854178114140163
1900,"Hancock",41993,533.5929542,18953,78.698565394213,0.451337127616508
1900,"Hardin",31187,470.5338155,9428,66.2800397605005,0.30230544778273
1900,"Harrison",20486,410.7887208,0,49.8699184342356,0
1900,"Henry",27282,419.9748001,3639,64.9610405041062,0.133384649219265
1900,"Highland",30982,557.8397218,8514,55.5392504141321,0.274804725324382
1900,"Hocking",24398,423.5991399,3480,57.5969063718111,0.142634642183786
1900,"Holmes",19511,424.0182617,0,46.0145275860886,0
1900,"Huron",32330,494.5126957,9881,65.3774923902323,0.305629446334674
1900,"Jackson",34248,421.4991208,12717,81.2528385231213,0.371320953048353
1900,"Jefferson",44357,410.8725212,20829,107.958059279434,0.469576391550375
1900,"Knox",27768,529.5310711,6633,52.4388492299749,0.238872082973207
1900,"Lake",21680,231.713917,5024,93.563650732295,0.231734317343173
1900,"Lawrence",39534,457.2767256,11868,86.4553076654553,0.300197298527849
1900,"Licking",47070,688.3791723,18157,68.3780130109552,0.385744635649033
1900,"Logan",30420,466.7751359,6649,65.1705664256227,0.218573307034846
1900,"Lorain",54857,494.6682882,28901,110.896536747107,0.526842517819057
1900,"Lucas",153559,347.0145405,131822,442.514598318395,0.858445288130295
1900,"Madison",20590,465.9406905,3511,44.1901735989293,0.170519669742593
1900,"Mahoning",70134,423.3810368,44885,165.652199564929,0.639989163601106
1900,"Marion",28678,404.14415,11862,70.9598295558652,0.413627170653463
1900,"Medina",21958,423.1117488,0,51.8964553980733,0
1900,"Meigs",28620,432.3764235,7438,66.1923232731491,0.259888190076869
1900,"Mercer",28021,473.2922692,2815,59.2044320676599,0.100460369008958
1900,"Miami",43105,409.2189093,18053,105.334819629265,0.418814522677184
1900,"Monroe",27031,457.4577711,0,59.0896071893181,0
1900,"Montgomery",130146,464.3444281,89274,280.279017307325,0.685952699276198
1900,"Morgan",17905,421.8582103,0,42.4431706266118,0
1900,"Morrow",17879,407.3550166,0,43.8904623029503,0
1900,"Muskingum",53185,672.5903452,23538,79.0748787572694,0.442568393343988
1900,"Noble",19466,404.5847632,0,48.1135271779311,0
1900,"Ottawa",22213,267.0984085,0,83.1641046636936,0
1900,"Paulding",27528,418.8962125,0,65.7155619424465,0
1900,"Perry",31841,412.5924782,2966,77.1730016478037,0.0931503407556295
1900,"Pickaway",27016,506.7893478,6991,53.3081449270351,0.258772579212319
1900,"Pike",18172,443.941743,0,40.9332987639326,0
1900,"Portage",29246,507.1042042,8544,57.6725646480057,0.292142515215756
1900,"Preble",23713,426.3253099,3155,55.6218442802802,0.13304938219542
1900,"Putnam",32525,484.2260971,0,67.1690356938426,0
1900,"Richland",44289,500.3257215,22325,88.5203340480268,0.504075504075504
1900,"Ross",40940,692.9600379,12976,59.0798859398411,0.31695163654128
1900,"Sandusky",34311,412.3483058,12248,83.2087813079115,0.356970067908251
1900,"Scioto",40981,616.0733749,17870,66.519673905161,0.436055733144628
1900,"Seneca",41163,552.3652955,17379,74.5213363970293,0.422199548137891
1900,"Shelby",24625,411.0359548,5688,59.9096008814653,0.230984771573604
1900,"Stark",94747,580.9081748,51585,163.101509171601,0.544449956199141
1900,"Summit",71715,420.0610528,50268,170.725182737056,0.700941225685003
1900,"Trumbull",46591,634.714985,18627,73.404600649219,0.399798244296109
1900,"Tuscarawas",53751,571.4823452,22639,94.0553990013268,0.421182861714201
1900,"Union",22342,436.9747083,3048,51.1288172418925,0.136424671023185
1900,"Van Wert",30394,410.4847746,8650,74.0441592008319,0.284595643877081
1900,"Vinton",15330,414.9590297,0,36.9434062227373,0
1900,"Warren",25584,407.1390756,5591,62.8384783806293,0.21853502188868
1900,"Washington",48245,640.1477126,13348,75.3654180908496,0.276671157632915
1900,"Wayne",37870,556.3108323,6063,68.0734542655426,0.160100343279641
1900,"Williams",24953,423.0502233,3131,58.9835405483404,0.125475894682002
1900,"Wood",51555,620.5390077,8628,83.0809979071038,0.167355251672971
1900,"Wyandot",21125,407.620576,3355,51.8251561471715,0.158816568047337
1910,"Adams",24755,585.7856879,0,42.2594824546583,0
1910,"Allen",56580,406.8799787,33064,139.058206257225,0.584376104630612
1910,"Ashland",22975,426.8442626,6795,53.8252520018762,0.295756256800871
1910,"Ashtabula",59547,709.7655449,26585,83.8967183288528,0.44645406149764
1910,"Athens",47798,508.5371204,14072,93.9911720945829,0.294405623666262
1910,"Auglaize",31246,401.7178055,11081,77.7809685610264,0.354637393586379
1910,"Belmont",76856,541.3875198,30286,141.961159408315,0.394061621734152
1910,"Brown",24832,495.21664,0,50.1437108413805,0
1910,"Butler",70271,470.2001799,48431,149.449113386016,0.689203227504945
1910,"Carroll",15761,399.0057851,0,39.5006804125658,0
1910,"Champaign",26351,429.7047661,7739,61.323499478867,0.293689044059049
1910,"Clark",66435,403.7946845,46921,164.526682866723,0.706269285768044
1910,"Clermont",29551,457.6712534,0,64.5681802832671,0
1910,"Clinton",23680,412.2846827,4491,57.4360411474001,0.189653716216216
1910,"Columbiana",76619,535.1811095,46385,143.16461967722,0.605398138842846
1910,"Coshocton",30121,567.5733154,9603,53.0697958884344,0.318814116397198
1910,"Crawford",34036,402.8284317,19143,84.4925465076104,0.562433893524503
1910,"Cuyahoga",637425,459.4089174,599579,1387.489393126,0.940626740400831
1910,"Darke",42933,600.2857753,7832,71.5209351388407,0.182423776582116
1910,"Defiance",24498,414.1832822,7327,59.1477277157953,0.299085639644053
1910,"Delaware",27182,455.9736449,9076,59.6130945374295,0.3338974321242
1910,"Erie",38327,256.5773663,19989,149.377946124783,0.521538341117228
1910,"Fairfield",39201,508.5959272,13093,77.0769050704266,0.333996581719854
1910,"Fayette",21744,407.0773975,7277,53.4149037346147,0.334667034584253
1910,"Franklin",221567,543.3247829,181511,407.798442061458,0.819214955295689
1910,"Fulton",23914,407.319194,2650,58.7107122675884,0.110813749268211
1910,"Gallia",25745,471.1353678,5560,54.6445921057001,0.215964264905807
1910,"Geauga",14670,408.2840356,0,35.9308685152029,0
1910,"Greene",29733,416.2127896,8706,71.4370166966152,0.292805973161134
1910,"Guernsey",42716,528.2915106,14483,80.856873795844,0.339053282142523
1910,"Hamilton",460732,412.783997,407259,1116.15761111979,0.883939036142486
1910,"Hancock",37860,533.5929542,16403,70.9529608702618,0.433254094030639
1910,"Hardin",30407,470.5338155,7185,64.6223480616134,0.236294274344723
1910,"Harrison",19076,410.7887208,0,46.4374970248696,0
1910,"Henry",25119,419.9748001,4007,59.8107314867914,0.159520681555794
1910,"Highland",28711,557.8397218,8524,51.4681885817619,0.296889693845564
1910,"Hocking",23650,423.5991399,4850,55.8310859780856,0.20507399577167
1910,"Holmes",17909,424.0182617,0,42.2363884239281,0
1910,"Huron",34206,494.5126957,14110,69.1711260346516,0.41250073086593
1910,"Jackson",30791,421.4991208,12343,73.0511606799062,0.400863888798675
1910,"Jefferson",65423,410.8725212,30711,159.229436441563,0.469422068691439
1910,"Knox",30181,529.5310711,9087,56.9957112002979,0.301083463105928
1910,"Lake",22927,231.713917,5501,98.9452869160207,0.239935447289222
1910,"Lawrence",39488,457.2767256,13147,86.3547121235772,0.332936588330632
1910,"Licking",55590,688.3791723,25404,80.7549127529,0.456988667026444
1910,"Logan",30084,466.7751359,8238,64.4507337392647,0.273833266852812
1910,"Lorain",76037,494.6682882,48073,153.713107983298,0.63223167668372
1910,"Lucas",192728,347.0145405,168497,555.388831033724,0.874273587646839
1910,"Madison",19902,465.9406905,3530,42.7135908191302,0.177369108632298
1910,"Mahoning",116151,423.3810368,87408,274.341526672741,0.752537644962161
1910,"Marion",33971,404.14415,18232,84.0566416710473,0.536693061729122
1910,"Medina",23598,423.1117488,5807,55.7724999764885,0.246080176286126
1910,"Meigs",25594,432.3764235,7217,59.1937918187623,0.281980151598031
1910,"Mercer",27536,473.2922692,3493,58.1796952790794,0.126852120859965
1910,"Miami",45047,409.2189093,19510,110.080445884224,0.433103203320976
1910,"Monroe",24244,457.4577711,2502,52.9972415633098,0.103200791948523
1910,"Montgomery",163763,464.3444281,120848,352.67570813778,0.737944468530743
1910,"Morgan",16097,421.8582103,0,38.1573704315315,0
1910,"Morrow",16815,407.3550166,0,41.2784900511276,0
1910,"Muskingum",57488,672.5903452,28026,85.4725322929004,0.487510436960757
1910,"Noble",18601,404.5847632,0,45.9755326742369,0
1910,"Ottawa",22360,267.0984085,3007,83.7144636150088,0.134481216457961
1910,"Paulding",22730,418.8962125,0,54.2616507901704,0
1910,"Perry",35396,412.5924782,5587,85.7892517925209,0.157842694089728
1910,"Pickaway",26158,506.7893478,6744,51.6151338096456,0.257817875984402
1910,"Pike",15723,443.941743,0,35.4168091825508,0
1910,"Portage",30307,507.1042042,9798,59.7648367909153,0.323291648794008
1910,"Preble",23834,426.3253099,3187,55.905665102526,0.133716539397499
1910,"Putnam",29972,484.2260971,0,61.8967052364597,0
1910,"Richland",47667,500.3257215,25671,95.2719357643499,0.538548681477752
1910,"Ross",40069,692.9600379,14508,57.822959201844,0.362075419900671
1910,"Sandusky",35171,412.3483058,14661,85.2943967643191,0.416849108640641
1910,"Scioto",48463,616.0733749,23481,78.6643311892296,0.484513959102821
1910,"Seneca",42421,552.3652955,19946,76.798814743784,0.470191650361849
1910,"Shelby",24663,411.0359548,6607,60.0020502148052,0.267891173012204
1910,"Stark",122987,580.9081748,79179,211.71504436539,0.643799751193216
1910,"Summit",108253,420.0610528,82497,257.707776711071,0.762075877804772
1910,"Trumbull",52766,634.714985,23178,83.1333767864327,0.439260129628928
1910,"Tuscarawas",57035,571.4823452,26865,99.8018582359524,0.471026562636977
1910,"Union",21871,436.9747083,3576,50.0509516559588,0.163504183622148
1910,"Van Wert",29119,410.4847746,9639,70.9380756652308,0.331020982863423
1910,"Vinton",13096,414.9590297,0,31.5597421978452,0
1910,"Warren",24497,407.1390756,5357,60.1686290216649,0.218679838347553
1910,"Washington",45422,640.1477126,12923,70.9554984044475,0.284509708951609
1910,"Wayne",38058,556.3108323,9237,68.4113948359657,0.242708497556361
1910,"Williams",25198,423.0502233,6400,59.5626680053333,0.253988411778713
1910,"Wood",46330,620.5390077,7725,74.6608987108161,0.166738614288798
1910,"Wyandot",20760,407.620576,3779,50.9297155794216,0.182032755298651
1920,"Adams",22403,585.7856879,0,38.2443621665001,0
1920,"Allen",68223,406.8799787,44495,167.673524310475,0.652199404892778
1920,"Ashland",24627,426.8442626,9249,57.6955160413582,0.375563406017785
1920,"Ashtabula",65545,709.7655449,34506,92.3473962225579,0.526447478831337
1920,"Athens",50430,508.5371204,15998,99.1668021408806,0.317231806464406
1920,"Auglaize",29527,401.7178055,10974,73.5018453146459,0.371659836759576
1920,"Belmont",93193,541.3875198,38621,172.137326021899,0.414419537948129
1920,"Brown",22621,495.21664,0,45.6789981855214,0
1920,"Butler",87025,470.2001799,63269,185.08074586128,0.727020970985349
1920,"Carroll",15942,399.0057851,0,39.9543079206347,0
1920,"Champaign",25071,429.7047661,7621,58.3447100844246,0.303976706154521
1920,"Clark",80728,403.7946845,60840,199.923384578382,0.753641859082351
1920,"Clermont",28291,457.6712534,0,61.8151124629931,0
1920,"Clinton",23036,412.2846827,5037,55.8740136770063,0.218657753082132
1920,"Columbiana",83131,535.1811095,54816,155.332463206084,0.6593930062191
1920,"Coshocton",29595,567.5733154,10847,52.1430433690188,0.36651461395506
1920,"Crawford",36054,402.8284317,22112,89.5021233924487,0.613302268818994
1920,"Cuyahoga",943495,459.4089174,904188,2053.71503309004,0.958338941912782
1920,"Darke",42911,600.2857753,8638,71.4842859279061,0.201300365873552
1920,"Defiance",24549,414.1832822,8876,59.2708616089092,0.361562589107499
1920,"Delaware",26013,455.9736449,8756,57.0493498713175,0.336600930304079
1920,"Erie",39789,256.5773663,22897,155.076032519085,0.57546055442459
1920,"Fairfield",40484,508.5959272,14706,79.5995363605814,0.363254619108784
1920,"Fayette",21518,407.0773975,7962,52.8597267550331,0.370015800724974
1920,"Franklin",283951,543.3247829,237031,522.617426881228,0.834760222714482
1920,"Fulton",23445,407.319194,3035,57.5592811371418,0.129451908722542
1920,"Gallia",23311,471.1353678,6070,49.4783486725957,0.260392089571447
1920,"Geauga",15036,408.2840356,0,36.8273032716149,0
1920,"Greene",31221,416.2127896,9110,75.0121110646428,0.291790781845553
1920,"Guernsey",45352,528.2915106,15879,85.8465432247663,0.350127888516493
1920,"Hamilton",493678,412.783997,449171,1195.97175178281,0.909846094012697
1920,"Hancock",38394,533.5929542,18679,71.9537237097948,0.486508308589884
1920,"Hardin",29167,470.5338155,7690,61.9870433095366,0.26365412966709
1920,"Harrison",19625,410.7887208,0,47.7739504672398,0
1920,"Henry",23362,419.9748001,4143,55.6271471393933,0.177339268898211
1920,"Highland",27610,557.8397218,8700,49.4945033869404,0.315103223469757
1920,"Hocking",23291,423.5991399,5493,54.9835866179954,0.235842170795586
1920,"Holmes",16965,424.0182617,0,40.0100692172617,0
1920,"Huron",32424,494.5126957,14835,65.5675785110081,0.457531458179127
1920,"Jackson",27342,421.4991208,12529,64.8684627102074,0.458232755467779
1920,"Jefferson",77580,410.8725212,37808,188.817689178675,0.487342098478989
1920,"Knox",29580,529.5310711,9237,55.8607447501677,0.312271805273834
1920,"Lake",28667,231.713917,14139,123.717212894036,0.493215195172149
1920,"Lawrence",39540,457.2767256,14007,86.4684288230916,0.354248861911988
1920,"Licking",56426,688.3791723,26718,81.9693597228842,0.473505121752384
1920,"Logan",30104,466.7751359,9336,64.4935809229765,0.310124900345469
1920,"Lorain",90612,494.6682882,62005,183.177297113019,0.684291263850263
1920,"Lucas",275721,347.0145405,246359,794.551719944427,0.893508292803232
1920,"Madison",19662,465.9406905,4080,42.1985038029212,0.207506866036009
1920,"Mahoning",186310,423.3810368,152983,440.052774701883,0.82112071279051
1920,"Marion",42004,404.14415,27891,103.933212938997,0.664008189696219
1920,"Medina",26067,423.1117488,8172,61.6078378204562,0.313499827367936
1920,"Meigs",26189,432.3764235,8066,60.5699075541754,0.307991904998282
1920,"Mercer",26872,473.2922692,4226,56.7767566654351,0.157264066686514
1920,"Miami",48428,409.2189093,22304,118.342527433153,0.460560006607748
1920,"Monroe",20660,457.4577711,0,45.1626386197814,0
1920,"Montgomery",209532,464.3444281,156942,451.24262792893,0.749012084073077
1920,"Morgan",14555,421.8582103,0,34.5021138492229,0
1920,"Morrow",15570,407.3550166,0,38.2221879331583,0
1920,"Muskingum",57980,672.5903452,29569,86.2040325344831,0.509986202138669
1920,"Noble",17849,404.5847632,0,44.1168368744936,0
1920,"Ottawa",22193,267.0984085,3928,83.0892258948072,0.17699274546028
1920,"Paulding",18736,418.8962125,0,44.7270694766666,0
1920,"Perry",36098,412.5924782,6468,87.4906885299588,0.17917890187822
1920,"Pickaway",25788,506.7893478,7049,50.8850474303517,0.273344191096634
1920,"Pike",14151,443.941743,0,31.8758040286381,0
1920,"Portage",36269,507.1042042,14289,71.5217892094139,0.393972814249083
1920,"Preble",23238,426.3253099,3210,54.5076716309683,0.138135812032017
1920,"Putnam",27751,484.2260971,0,57.3100049051445,0
1920,"Richland",55178,500.3257215,33402,110.28415615846,0.60534995831672
1920,"Ross",41556,692.9600379,15831,59.9688260897909,0.380955818654346
1920,"Sandusky",37109,412.3483058,17776,89.9943069439913,0.479021261688539
1920,"Scioto",62850,616.0733749,37828,102.017069006109,0.601877486077963
1920,"Seneca",43176,552.3652955,22704,78.1656638310652,0.525847693162868
1920,"Shelby",25923,411.0359548,8590,63.0674754781817,0.33136596844501
1920,"Stark",177218,580.9081748,126122,305.070590650603,0.711677143405297
1920,"Summit",286065,420.0610528,250129,681.008148918299,0.874378200758569
1920,"Trumbull",83920,634.714985,50006,132.21682484777,0.595877025738799
1920,"Tuscarawas",63578,571.4823452,34160,111.25103082187,0.53729277423008
1920,"Union",20918,436.9747083,3635,47.8700474024666,0.173773783344488
1920,"Van Wert",28210,410.4847746,10676,68.7236208151434,0.37844735909252
1920,"Vinton",12075,414.9590297,0,29.0992583261287,0
1920,"Warren",25716,407.1390756,6467,63.1626919182404,0.251477679265827
1920,"Washington",43049,640.1477126,15140,67.2485414735824,0.351692257659876
1920,"Wayne",41346,556.3108323,12311,74.3217597059183,0.297755526532192
1920,"Williams",24627,423.0502233,7304,58.212946462709,0.296585048930036
1920,"Wood",44892,620.5390077,5788,72.3435584918186,0.128931658201907
1920,"Wyandot",19481,407.620576,3708,47.7919936995526,0.190339304963811
1930,"Adams",20381,585.7856879,0,34.7925878371396,0
1930,"Allen",69419,406.8799787,45342,170.612966068758,0.653164119333324
1930,"Ashland",26867,426.8442626,11141,62.9433316881135,0.414672274537537
1930,"Ashtabula",68361,709.7655449,36783,96.3149035497792,0.538069952165709
1930,"Athens",44175,508.5371204,15477,86.8668150817649,0.350356536502547
1930,"Auglaize",28034,401.7178055,10811,69.7853060436476,0.385638867089962
1930,"Belmont",94719,541.3875198,41206,174.956009394142,0.435034153654494
1930,"Brown",20148,495.21664,0,40.6852241475569,0
1930,"Butler",114084,470.2001799,84756,242.628575821181,0.742926264857473
1930,"Carroll",16057,399.0057851,1358,40.2425242931647,0.0845737061717631
1930,"Champaign",24103,429.7047661,7742,56.0920006048776,0.321204829274364
1930,"Clark",90936,403.7946845,68743,225.203558864579,0.755949239025249
1930,"Clermont",29786,457.6712534,0,65.0816492814928,0
1930,"Clinton",21547,412.2846827,5332,52.2624315288442,0.24745904302223
1930,"Columbiana",86484,535.1811095,50527,161.597632025538,0.584235234262985
1930,"Coshocton",28976,567.5733154,10908,51.0524353661324,0.37644947542794
1930,"Crawford",35345,402.8284317,22126,87.7420688774089,0.626000848776347
1930,"Cuyahoga",1201455,459.4089174,1165880,2615.21915334071,0.970390068708358
1930,"Darke",38009,600.2857753,8341,63.3181753823911,0.219448025467652
1930,"Defiance",22714,414.1832822,8818,54.8404558468681,0.388218719732324
1930,"Delaware",26016,455.9736449,8675,57.0559291989466,0.33344864698647
1930,"Erie",42133,256.5773663,24622,164.211678557556,0.584387534711509
1930,"Fairfield",44010,508.5959272,18716,86.5323484643115,0.425266984776187
1930,"Fayette",20755,407.0773975,8426,50.9853903151181,0.405974463984582
1930,"Franklin",361055,543.3247829,310256,664.528862594609,0.859303984157538
1930,"Fulton",23477,407.319194,2889,57.6378436023322,0.123056608595647
1930,"Gallia",23050,471.1353678,7106,48.9243677621436,0.308286334056399
1930,"Geauga",15414,408.2840356,0,37.7531293315158,0
1930,"Greene",33259,416.2127896,10507,79.9086448832182,0.315914489311164
1930,"Guernsey",41486,528.2915106,18767,78.5286137815897,0.452369474039435
1930,"Hamilton",589356,412.783997,530170,1427.7588382381,0.899575129463346
1930,"Hancock",40404,533.5929542,21512,75.7206400159022,0.532422532422532
1930,"Hardin",27635,470.5338155,7069,58.731166793261,0.255798805862131
1930,"Harrison",18844,410.7887208,2597,45.8727298142505,0.137815750371471
1930,"Henry",22524,419.9748001,4545,53.6317893231613,0.201784762919552
1930,"Highland",25416,557.8397218,7911,45.5614740341354,0.311260623229462
1930,"Hocking",20407,423.5991399,6080,48.1752630678559,0.297936982407997
1930,"Holmes",16726,424.0182617,0,39.4464142486248,0
1930,"Huron",33700,494.5126957,15934,68.1478964909009,0.472818991097923
1930,"Jackson",25040,421.4991208,11241,59.4070041059028,0.448921725239617
1930,"Jefferson",88307,410.8725212,47496,214.925543674932,0.537850906496654
1930,"Knox",29338,529.5310711,9370,55.4037366288174,0.319381007566978
1930,"Lake",41674,231.713917,20168,179.851087666866,0.483946825358737
1930,"Lawrence",44541,457.2767256,16621,97.4049137129318,0.373161805976516
1930,"Licking",59962,688.3791723,30596,87.1060636533439,0.510256495780661
1930,"Logan",28981,466.7751359,9543,62.0877115575598,0.329284703771436
1930,"Lorain",109206,494.6682882,77281,220.766122682695,0.707662582641979
1930,"Lucas",347709,347.0145405,295306,1002.0012403486,0.849290642462519
1930,"Madison",20253,465.9406905,4141,43.4669055803359,0.204463536266232
1930,"Mahoning",236142,423.3810368,202333,557.752897448618,0.856827671485801
1930,"Marion",45420,404.14415,31084,112.385642598068,0.684368119771026
1930,"Medina",29677,423.1117488,10001,70.1398627766018,0.336994979276881
1930,"Meigs",23961,432.3764235,7068,55.416990144931,0.294979341429823
1930,"Mercer",25096,473.2922692,4664,53.0243184458082,0.185846350015939
1930,"Miami",51301,409.2189093,27243,125.363219621875,0.531042279877585
1930,"Monroe",18426,457.4577711,0,40.2791277448254,0
1930,"Montgomery",273481,464.3444281,212994,588.961519618157,0.778825585689682
1930,"Morgan",13583,421.8582103,0,32.1980221514252,0
1930,"Morrow",14489,407.3550166,0,35.5684830419737,0
1930,"Muskingum",67398,672.5903452,36440,100.206612362178,0.540668862577525
1930,"Noble",14961,404.5847632,0,36.9786540690962,0
1930,"Ottawa",24109,267.0984085,4408,90.2626119541255,0.182836285204695
1930,"Paulding",15301,418.8962125,0,36.5269475908666,0
1930,"Perry",31445,412.5924782,7152,76.2132168215567,0.227444744792495
1930,"Pickaway",27238,506.7893478,7369,53.7461967546114,0.270541155738307
1930,"Pike",13876,443.941743,0,31.2563533814841,0
1930,"Portage",42682,507.1042042,16394,84.1681051872455,0.384096340377677
1930,"Preble",22455,426.3253099,3347,52.6710459795763,0.149053662881318
1930,"Putnam",25074,484.2260971,0,51.7815957259772,0
1930,"Richland",65902,500.3257215,39723,131.718193105129,0.602758641619374
1930,"Ross",45181,692.9600379,18340,65.2000079786996,0.405922843673225
1930,"Sandusky",39731,412.3483058,19193,96.3530089517831,0.483073670433666
1930,"Scioto",81221,616.0733749,48491,131.836569001515,0.597025399835018
1930,"Seneca",47941,552.3652955,27069,86.7922014481447,0.564631526251017
1930,"Shelby",24924,411.0359548,9301,60.6370311622189,0.373174450329
1930,"Stark",221784,580.9081748,161448,381.788395517687,0.727951520398225
1930,"Summit",344131,420.0610528,298771,819.240435898846,0.868189730073722
1930,"Trumbull",123063,634.714985,74863,193.887024740719,0.608330692409579
1930,"Tuscarawas",68193,571.4823452,37312,119.326520885146,0.547152933585559
1930,"Union",19192,436.9747083,3639,43.9201620493421,0.189610254272614
1930,"Van Wert",26273,410.4847746,11089,64.0048099849792,0.422068283028204
1930,"Vinton",10287,414.9590297,0,24.7903992050423,0
1930,"Warren",27348,407.1390756,7713,67.1711502014325,0.282031592803861
1930,"Washington",42437,640.1477126,14285,66.2925121260521,0.336616631712892
1930,"Wayne",47024,556.3108323,17954,84.5282839551855,0.381805035726438
1930,"Williams",24316,423.0502233,8366,57.4778091601589,0.344053298239842
1930,"Wood",50320,620.5390077,9870,81.0907926425267,0.196144674085851
1930,"Wyandot",19036,407.620576,6611,46.7002921854465,0.347289346501366
1940,"Adams",21705,585.7857056,NA,37.0527989886136,NA
1940,"Allen",73303,406.8799744,NA,180.158780505468,NA
1940,"Ashland",29785,426.8442688,NA,69.779547664387,NA
1940,"Ashtabula",68674,709.765564,NA,96.7558916397359,NA
1940,"Athens",46166,508.5371094,NA,90.7819688015869,NA
1940,"Auglaize",28037,401.717804,NA,69.7927742331281,NA
1940,"Belmont",95614,541.3875122,NA,176.609171518308,NA
1940,"Brown",21638,495.2166443,NA,43.6940079641019,NA
1940,"Butler",120249,470.2001648,NA,255.740020957134,NA
1940,"Carroll",17449,399.0057983,NA,43.7311940687154,NA
1940,"Champaign",25258,429.7047729,NA,58.7798916673378,NA
1940,"Clark",95647,403.7946777,NA,236.870383098663,NA
1940,"Clermont",34109,457.6712646,NA,74.5272920505746,NA
1940,"Clinton",22574,412.284668,NA,54.7534307048255,NA
1940,"Columbiana",90121,535.1810913,NA,168.39346805226,NA
1940,"Coshocton",30594,567.5733032,NA,53.9031695597905,NA
1940,"Crawford",35571,402.8284302,NA,88.3031020981796,NA
1940,"Cuyahoga",1217250,459.408905,NA,2649.6003598363,NA
1940,"Darke",38831,600.2857666,NA,64.6875241102876,NA
1940,"Defiance",24367,414.1832886,NA,58.8314417087276,NA
1940,"Delaware",26780,455.9736328,NA,58.7314661936742,NA
1940,"Erie",43201,256.5773621,NA,168.374168501906,NA
1940,"Fairfield",48490,508.5959167,NA,95.3409148752609,NA
1940,"Fayette",21385,407.0773926,NA,52.5330081914257,NA
1940,"Franklin",388712,543.3247681,NA,715.432137134703,NA
1940,"Fulton",23626,407.3191833,NA,58.0036516045916,NA
1940,"Gallia",24930,471.135376,NA,52.9147274222091,NA
1940,"Geauga",19430,408.2840271,NA,47.589419889897,NA
1940,"Greene",35863,416.2127991,NA,86.1650580605607,NA
1940,"Guernsey",38822,528.2915039,NA,73.4859442436701,NA
1940,"Hamilton",621987,412.7839966,NA,1506.80986938242,NA
1940,"Hancock",40793,533.5929565,NA,76.4496598073067,NA
1940,"Hardin",27061,470.5338135,NA,57.5112759669927,NA
1940,"Harrison",20313,410.7887268,NA,49.4487766454452,NA
1940,"Henry",22756,419.9747925,NA,54.1842044007915,NA
1940,"Highland",27099,557.8397217,NA,48.5784696676253,NA
1940,"Hocking",21504,423.5991516,NA,50.764974195005,NA
1940,"Holmes",17876,424.0182495,NA,42.1585628002551,NA
1940,"Huron",34800,494.5126953,NA,70.3723085994553,NA
1940,"Jackson",27004,421.499115,NA,64.0665639357274,NA
1940,"Jefferson",98129,410.8725281,NA,238.830764504452,NA
1940,"Knox",31024,529.5310669,NA,58.5876862364692,NA
1940,"Lake",50020,231.713913,NA,215.869644392048,NA
1940,"Lawrence",46705,457.2767334,NA,102.13727615821,NA
1940,"Licking",62279,688.3791504,NA,90.4719440787991,NA
1940,"Logan",29624,466.7751465,NA,63.4652470726609,NA
1940,"Lorain",112390,494.6682739,NA,227.20276583317,NA
1940,"Lucas",344333,347.0145264,NA,992.27258170481,NA
1940,"Madison",21811,465.9407043,NA,46.8106774074772,NA
1940,"Mahoning",240251,423.3810425,NA,567.458095386971,NA
1940,"Marion",44898,404.144165,NA,111.094020125219,NA
1940,"Medina",33034,423.1117554,NA,78.0739357354192,NA
1940,"Meigs",24104,432.3764343,NA,55.7477190888615,NA
1940,"Mercer",26256,473.2922668,NA,55.4752355822772,NA
1940,"Miami",52632,409.2189026,NA,128.615759598589,NA
1940,"Monroe",18641,457.4577637,NA,40.7491171408444,NA
1940,"Montgomery",295480,464.3444214,NA,636.33799908509,NA
1940,"Morgan",14227,421.8582153,NA,33.7246010247368,NA
1940,"Morrow",15646,407.355011,NA,38.4087579077308,NA
1940,"Muskingum",69795,672.590332,NA,103.77044789279,NA
1940,"Noble",14587,404.5847778,NA,36.0542482080501,NA
1940,"Ottawa",24360,267.0984192,NA,91.2023368500715,NA
1940,"Paulding",15527,418.8962097,NA,37.0664609525112,NA
1940,"Perry",31087,412.5924683,NA,75.345534367332,NA
1940,"Pickaway",27889,506.7893372,NA,55.0307552919051,NA
1940,"Pike",16113,443.9417419,NA,36.2953029175381,NA
1940,"Portage",46660,507.1042175,NA,92.0126443239451,NA
1940,"Preble",23329,426.3253174,NA,54.7211226916452,NA
1940,"Putnam",25016,484.2261047,NA,51.6618161581738,NA
1940,"Richland",73853,500.3257141,NA,147.609842785812,NA
1940,"Ross",52147,692.960022,NA,75.2525374400314,NA
1940,"Sandusky",41014,412.3482971,NA,99.4644582952007,NA
1940,"Scioto",86565,616.0733643,NA,140.510862855364,NA
1940,"Seneca",48499,552.3652954,NA,87.8024025113291,NA
1940,"Shelby",26071,411.0359497,NA,63.427542089757,NA
1940,"Stark",234887,580.9082031,NA,404.344436429942,NA
1940,"Summit",339405,420.0610657,NA,807.989665584472,NA
1940,"Trumbull",132315,634.7149658,NA,208.463652394314,NA
1940,"Tuscarawas",68816,571.4823608,NA,120.416665010739,NA
1940,"Union",20012,436.9747009,NA,45.7967016369208,NA
1940,"Van Wert",26759,410.4847717,NA,65.1887764049786,NA
1940,"Vinton",11573,414.9590149,NA,27.8895013349426,NA
1940,"Warren",29894,407.1390686,NA,73.4245428786639,NA
1940,"Washington",43537,640.1477051,NA,68.0108663252943,NA
1940,"Wayne",50520,556.3108521,NA,90.8125372879096,NA
1940,"Williams",25510,423.0502319,NA,60.3001678676068,NA
1940,"Wood",51796,620.5390015,NA,83.4693707805568,NA
1940,"Wyandot",19218,407.620575,NA,47.1467859540702,NA
1950,"Adams",20499,585.7857056,NA,34.9940256377605,NA
1950,"Allen",88183,406.8799744,NA,216.729761964908,NA
1950,"Ashland",33040,426.8442688,NA,77.4052796653129,NA
1950,"Ashtabula",78695,709.765564,NA,110.874638037525,NA
1950,"Athens",45839,508.5371094,NA,90.13894788147,NA
1950,"Auglaize",30637,401.717804,NA,76.2649792838159,NA
1950,"Belmont",87740,541.3875122,NA,162.065060650285,NA
1950,"Brown",22221,495.2166443,NA,44.8712704949768,NA
1950,"Butler",147203,470.2001648,NA,313.064543613278,NA
1950,"Carroll",19039,399.0057983,NA,47.7160985657787,NA
1950,"Champaign",26793,429.7047729,NA,62.3521117049245,NA
1950,"Clark",111661,403.7946777,NA,276.529152479218,NA
1950,"Clermont",42182,457.6712646,NA,92.166590438809,NA
1950,"Clinton",25572,412.284668,NA,62.0251054303091,NA
1950,"Columbiana",98920,535.1810913,NA,184.834631880799,NA
1950,"Coshocton",31141,567.5733032,NA,54.8669217252218,NA
1950,"Crawford",38738,402.8284302,NA,96.1650099541559,NA
1950,"Cuyahoga",1389532,459.408905,NA,3024.60832795568,NA
1950,"Darke",41799,600.2857666,NA,69.6318359116663,NA
1950,"Defiance",25925,414.1832886,NA,62.5930613657308,NA
1950,"Delaware",30278,455.9736328,NA,66.4029624126985,NA
1950,"Erie",52565,256.5773621,NA,204.869983734235,NA
1950,"Fairfield",52130,508.5959167,NA,102.497873632653,NA
1950,"Fayette",22554,407.0773926,NA,55.4046980009078,NA
1950,"Franklin",503410,543.3247681,NA,926.536078523382,NA
1950,"Fulton",25580,407.3191833,NA,62.8008722612992,NA
1950,"Gallia",24910,471.135376,NA,52.8722767784689,NA
1950,"Geauga",26646,408.2840271,NA,65.2633907558516,NA
1950,"Greene",58892,416.2127991,NA,141.494927900693,NA
1950,"Guernsey",38452,528.2915039,NA,72.7855733361909,NA
1950,"Hamilton",723952,412.7839966,NA,1753.82768218491,NA
1950,"Hancock",44280,533.5929565,NA,82.9846036395347,NA
1950,"Hardin",28673,470.5338135,NA,60.9371721592544,NA
1950,"Harrison",19054,410.7887268,NA,46.3839408360317,NA
1950,"Henry",22423,419.9747925,NA,53.3912996694915,NA
1950,"Highland",28188,557.8397217,NA,50.5306433075398,NA
1950,"Hocking",19520,423.5991516,NA,46.0813009805849,NA
1950,"Holmes",18760,424.0182495,NA,44.2433787274998,NA
1950,"Huron",39353,494.5126953,NA,79.579352307884,NA
1950,"Jackson",27767,421.499115,NA,65.8767693972501,NA
1950,"Jefferson",96495,410.8725281,NA,234.853861965954,NA
1950,"Knox",35287,529.5310669,NA,66.63820539667,NA
1950,"Lake",75979,231.713913,NA,327.900034211584,NA
1950,"Lawrence",49115,457.2767334,NA,107.407607718884,NA
1950,"Licking",70645,688.3791504,NA,102.62513029186,NA
1950,"Logan",31329,466.7751465,NA,67.1179694011408,NA
1950,"Lorain",148162,494.6682739,NA,299.517894753751,NA
1950,"Lucas",395551,347.0145264,NA,1139.86870838961,NA
1950,"Madison",22300,465.9407043,NA,47.8601671719197,NA
1950,"Mahoning",257629,423.3810425,NA,608.503863278196,NA
1950,"Marion",49959,404.144165,NA,123.616779175817,NA
1950,"Medina",40417,423.1117554,NA,95.5232263915492,NA
1950,"Meigs",23227,432.3764343,NA,53.7193939295132,NA
1950,"Mercer",28311,473.2922668,NA,59.8171615847749,NA
1950,"Miami",61309,409.2189026,NA,149.819569942808,NA
1950,"Monroe",15362,457.4577637,NA,33.5812422894507,NA
1950,"Montgomery",398441,464.3444214,NA,858.07211551869,NA
1950,"Morgan",12836,421.8582153,NA,30.4272846526689,NA
1950,"Morrow",17168,407.355011,NA,42.1450566125477,NA
1950,"Muskingum",74535,672.590332,NA,110.817828407322,NA
1950,"Noble",11750,404.5847778,NA,29.0421208229649,NA
1950,"Ottawa",29469,267.0984192,NA,110.330117595844,NA
1950,"Paulding",15047,418.8962097,NA,35.9205923843908,NA
1950,"Perry",28999,412.5924683,NA,70.2848506166006,NA
1950,"Pickaway",29352,506.7893372,NA,57.917556360142,NA
1950,"Pike",14607,443.9417419,NA,32.9029659105367,NA
1950,"Portage",63954,507.1042175,NA,126.116087764543,NA
1950,"Preble",27081,426.3253174,NA,63.5219136530689,NA
1950,"Putnam",25248,484.2261047,NA,52.1409311785086,NA
1950,"Richland",91305,500.3257141,NA,182.491120138092,NA
1950,"Ross",54424,692.960022,NA,78.5384412839908,NA
1950,"Sandusky",46114,412.3482971,NA,111.832643239501,NA
1950,"Scioto",82910,616.0733643,NA,134.578127873138,NA
1950,"Seneca",52978,552.3652954,NA,95.9111668332376,NA
1950,"Shelby",28488,411.0359497,NA,69.3078063385753,NA
1950,"Stark",283194,580.9082031,NA,487.502153505052,NA
1950,"Summit",410032,420.0610657,NA,976.124743474411,NA
1950,"Trumbull",158915,634.7149658,NA,250.372227791576,NA
1950,"Tuscarawas",70320,571.4823608,NA,123.048417280214,NA
1950,"Union",20687,436.9747009,NA,47.341413490055,NA
1950,"Van Wert",26971,410.4847717,NA,65.7052389259194,NA
1950,"Vinton",10759,414.9590149,NA,25.9278618217098,NA
1950,"Warren",38505,407.1390686,NA,94.5745642450979,NA
1950,"Washington",44407,640.1477051,NA,69.3699276685886,NA
1950,"Wayne",58716,556.3108521,NA,105.545307589012,NA
1950,"Williams",26202,423.0502319,NA,61.9359074271672,NA
1950,"Wood",59605,620.5390015,NA,96.0535918869235,NA
1950,"Wyandot",19785,407.620575,NA,48.5377854147819,NA
1960,"Adams",19982,585.7857056,NA,34.1114503289785,NA
1960,"Allen",103691,406.8800049,NA,254.844177033188,NA
1960,"Ashland",38771,426.8442688,NA,90.8317220915208,NA
1960,"Ashtabula",93067,709.765564,NA,131.123577587374,NA
1960,"Athens",46998,508.5371399,NA,92.4180287190859,NA
1960,"Auglaize",36147,401.7178345,NA,89.9810685402866,NA
1960,"Belmont",83864,541.3875122,NA,154.905678668515,NA
1960,"Brown",25178,495.2166748,NA,50.8423913838694,NA
1960,"Butler",199076,470.2001953,NA,423.385617424051,NA
1960,"Carroll",20857,399.0057983,NA,52.2724233303454,NA
1960,"Champaign",29714,429.7047729,NA,69.1498020826382,NA
1960,"Clark",131440,403.7947083,NA,325.51194282206,NA
1960,"Clermont",80530,457.6712646,NA,175.955989000931,NA
1960,"Clinton",30004,412.2846985,NA,72.7749540770308,NA
1960,"Columbiana",107004,535.1811523,NA,199.939776541342,NA
1960,"Coshocton",32224,567.5733643,NA,56.775039187652,NA
1960,"Crawford",46775,402.8284607,NA,116.11642315123,NA
1960,"Cuyahoga",1647895,459.4089355,NA,3586.98943939021,NA
1960,"Darke",45612,600.2858276,NA,75.9838028866367,NA
1960,"Defiance",31508,414.1832886,NA,76.0726008683297,NA
1960,"Delaware",36107,455.9736633,NA,79.1865910383601,NA
1960,"Erie",68000,256.5773621,NA,265.027278491924,NA
1960,"Fairfield",63912,508.5959473,NA,125.663604555427,NA
1960,"Fayette",24775,407.0774231,NA,60.8606584254463,NA
1960,"Franklin",682962,543.3248291,NA,1257.00495066884,NA
1960,"Fulton",29301,407.3192139,NA,71.9362087524642,NA
1960,"Gallia",26120,471.135376,NA,55.4405407247534,NA
1960,"Geauga",47573,408.2840576,NA,116.51936712799,NA
1960,"Greene",94642,416.2127991,NA,227.388490225792,NA
1960,"Guernsey",38579,528.2915039,NA,73.0259709179472,NA
1960,"Hamilton",864121,412.7840271,NA,2093.39737797233,NA
1960,"Hancock",53686,533.5929565,NA,100.612272605963,NA
1960,"Hardin",29633,470.533844,NA,62.9774040228231,NA
1960,"Harrison",17995,410.7887268,NA,43.8059733045235,NA
1960,"Henry",25392,419.974823,NA,60.4607671922276,NA
1960,"Highland",29716,557.8397217,NA,53.2697813440774,NA
1960,"Hocking",20168,423.5991516,NA,47.6110490869076,NA
1960,"Holmes",21591,424.01828,NA,50.9199744878924,NA
1960,"Huron",47326,494.5127258,NA,95.7022894070889,NA
1960,"Jackson",29372,421.4991455,NA,69.6846015314164,NA
1960,"Jefferson",99201,410.8725281,NA,241.439846218816,NA
1960,"Knox",38808,529.5310669,NA,73.2874847687241,NA
1960,"Lake",148700,231.7139282,NA,641.739584474405,NA
1960,"Lawrence",55438,457.2767334,NA,121.235120772055,NA
1960,"Licking",90242,688.3792114,NA,131.093441675075,NA
1960,"Logan",34803,466.7751465,NA,74.5605250428645,NA
1960,"Lorain",217500,494.6683044,NA,439.688571241315,NA
1960,"Lucas",456931,347.0145569,NA,1316.74879602147,NA
1960,"Madison",26454,465.9407043,NA,56.775464680088,NA
1960,"Mahoning",300480,423.3810425,NA,709.715291515444,NA
1960,"Marion",60221,404.144165,NA,149.008708315757,NA
1960,"Medina",65315,423.1117554,NA,154.368199811071,NA
1960,"Meigs",22159,432.3764343,NA,51.2493240661335,NA
1960,"Mercer",32559,473.2922974,NA,68.7925837349577,NA
1960,"Miami",72901,409.2189331,NA,178.146693868109,NA
1960,"Monroe",15268,457.4577942,NA,33.3757566131332,NA
1960,"Montgomery",527080,464.3444519,NA,1135.10562653069,NA
1960,"Morgan",12747,421.8582153,NA,30.216313296009,NA
1960,"Morrow",19405,407.3550415,NA,47.6365774891238,NA
1960,"Muskingum",79159,672.5903931,NA,117.692730690298,NA
1960,"Noble",10982,404.5847778,NA,27.1438783725788,NA
1960,"Ottawa",35323,267.0984192,NA,132.247132370898,NA
1960,"Paulding",16792,418.8962402,NA,40.0862991560458,NA
1960,"Perry",27864,412.5924988,NA,67.5339471295303,NA
1960,"Pickaway",35855,506.7893677,NA,70.7493137883366,NA
1960,"Pike",19380,443.9417725,NA,43.6543736149542,NA
1960,"Portage",91798,507.1042175,NA,181.02393321152,NA
1960,"Preble",32498,426.3253174,NA,76.2281728849538,NA
1960,"Putnam",28331,484.2261047,NA,58.5077915564927,NA
1960,"Richland",117761,500.3257446,NA,235.368659860083,NA
1960,"Ross",61215,692.960083,NA,88.338421651915,NA
1960,"Sandusky",56486,412.3483276,NA,136.986126095786,NA
1960,"Scioto",84216,616.0734253,NA,136.697991735304,NA
1960,"Seneca",59326,552.3652954,NA,107.403561545333,NA
1960,"Shelby",33586,411.0359802,NA,81.7106083600221,NA
1960,"Stark",340345,580.9082031,NA,585.884306993357,NA
1960,"Summit",513569,420.0610657,NA,1222.60557317821,NA
1960,"Trumbull",208526,634.7150269,NA,328.534840302203,NA
1960,"Tuscarawas",76789,571.4823608,NA,134.368101742468,NA
1960,"Union",22853,436.9747314,NA,52.2982185417964,NA
1960,"Van Wert",28840,410.4848022,NA,70.2583867793194,NA
1960,"Vinton",10274,414.9590454,NA,24.7590698742243,NA
1960,"Warren",65711,407.1390991,NA,161.396928335444,NA
1960,"Washington",51689,640.1477661,NA,80.7454196316378,NA
1960,"Wayne",75497,556.3108521,NA,135.71009753811,NA
1960,"Williams",29968,423.0502319,NA,70.8379235851212,NA
1960,"Wood",72596,620.5390625,NA,116.988606176585,NA
1960,"Wyandot",21648,407.6206055,NA,53.1082082404688,NA
1970,"Adams",18957,585.7855376,NA,32.361672972788,NA
1970,"Allen",111144,406.880003,NA,273.16161811963,NA
1970,"Ashland",43303,426.844259,NA,101.449179851802,NA
1970,"Ashtabula",98237,710.0081016,NA,138.360393041464,NA
1970,"Athens",54889,508.5371877,NA,107.935075993657,NA
1970,"Auglaize",38602,401.7176928,NA,96.0923571250781,NA
1970,"Belmont",80917,541.3875302,NA,149.462252981903,NA
1970,"Brown",26635,495.2164824,NA,53.7845587669398,NA
1970,"Butler",226207,470.2000944,NA,481.086675000889,NA
1970,"Carroll",21579,399.005784,NA,54.0819227823524,NA
1970,"Champaign",30491,429.7048925,NA,70.9580005538336,NA
1970,"Clark",156946,403.7947725,NA,388.677641932574,NA
1970,"Clermont",95725,457.6713229,NA,209.15664847307,NA
1970,"Clinton",31464,412.2846881,NA,76.3161982682422,NA
1970,"Columbiana",108310,535.1811869,NA,202.380058662709,NA
1970,"Coshocton",33486,567.5732435,NA,58.9985528449246,NA
1970,"Crawford",50364,402.8284371,NA,125.025930052444,NA
1970,"Cuyahoga",1721300,459.4089547,NA,3746.77067651855,NA
1970,"Darke",49141,600.2858234,NA,81.8626695557575,NA
1970,"Defiance",36949,414.1832975,NA,89.2092950706203,NA
1970,"Delaware",42908,455.9735407,NA,94.101951473168,NA
1970,"Erie",75909,256.5774777,NA,295.852156161406,NA
1970,"Fairfield",73301,508.5959582,NA,144.124228315584,NA
1970,"Fayette",25461,407.077257,NA,62.5458670612984,NA
1970,"Franklin",833249,543.3250615,NA,1533.61046460766,NA
1970,"Fulton",33071,407.3190822,NA,81.191874982576,NA
1970,"Gallia",25239,471.1352652,NA,53.5706024665462,NA
1970,"Geauga",62977,408.0417209,NA,154.339609834735,NA
1970,"Greene",125057,416.2126382,NA,300.464206326928,NA
1970,"Guernsey",37665,528.2915876,NA,71.2958541912622,NA
1970,"Hamilton",924018,412.7840456,NA,2238.50221404972,NA
1970,"Hancock",61217,533.5930008,NA,114.726017598093,NA
1970,"Hardin",30813,470.5338112,NA,65.485198441782,NA
1970,"Harrison",17013,410.7887221,NA,41.4154505338597,NA
1970,"Henry",27058,419.974847,NA,64.4276679741251,NA
1970,"Highland",28996,557.8397667,NA,51.9790838353654,NA
1970,"Hocking",20322,423.5991326,NA,47.9746024862375,NA
1970,"Holmes",23024,424.0182849,NA,54.2995451373753,NA
1970,"Huron",49587,494.5126423,NA,100.274483922936,NA
1970,"Jackson",27174,421.4990996,NA,64.4698886089862,NA
1970,"Jefferson",96193,410.8724607,NA,234.118879216477,NA
1970,"Knox",41795,529.5310063,NA,78.9283337571389,NA
1970,"Lake",197200,231.7138873,NA,851.049552091304,NA
1970,"Lawrence",56868,457.2765975,NA,124.362366915136,NA
1970,"Licking",107799,688.3792458,NA,156.59827145823,NA
1970,"Logan",35072,466.7752303,NA,75.136806161413,NA
1970,"Lorain",256843,494.6684223,NA,519.222550745787,NA
1970,"Lucas",484370,347.0146184,NA,1395.8201594887,NA
1970,"Madison",28318,465.9407214,NA,60.775971490351,NA
1970,"Mahoning",303424,423.3810041,NA,716.668903568317,NA
1970,"Marion",64724,404.1442251,NA,160.150748124596,NA
1970,"Medina",82717,423.1117173,NA,195.496831257337,NA
1970,"Meigs",19799,432.3763728,NA,45.7911237651236,NA
1970,"Mercer",35265,473.2921893,NA,74.5099978348618,NA
1970,"Miami",84342,409.2190212,NA,206.104788953051,NA
1970,"Monroe",15739,457.4577887,NA,34.4053602076095,NA
1970,"Montgomery",606148,464.3443705,NA,1305.3846207876,NA
1970,"Morgan",12375,421.8581675,NA,29.334503758304,NA
1970,"Morrow",21348,407.3549722,NA,52.4063813059798,NA
1970,"Muskingum",77826,672.5906169,NA,115.710802447265,NA
1970,"Noble",10428,404.5847051,NA,25.7745779030934,NA
1970,"Ottawa",37099,267.0983632,NA,138.896395902736,NA
1970,"Paulding",19329,418.896201,NA,46.1426958608297,NA
1970,"Perry",27434,412.5921932,NA,66.4918058367179,NA
1970,"Pickaway",40071,506.7891909,NA,79.0683793567863,NA
1970,"Pike",19114,443.941667,NA,43.0552061696881,NA
1970,"Portage",125868,507.1041333,NA,248.209375026997,NA
1970,"Preble",34719,426.3253599,NA,81.4378014203607,NA
1970,"Putnam",31134,484.226155,NA,64.296402989632,NA
1970,"Richland",129997,500.3258299,NA,259.824682699237,NA
1970,"Ross",61211,692.9600286,NA,88.3326562481038,NA
1970,"Sandusky",60983,412.3483071,NA,147.891961601314,NA
1970,"Scioto",76951,616.0732699,NA,124.905597693746,NA
1970,"Seneca",60696,552.3654114,NA,109.883781184203,NA
1970,"Shelby",37748,411.0359917,NA,91.8362400428206,NA
1970,"Stark",372210,580.9082241,NA,640.738045285319,NA
1970,"Summit",553371,420.0609889,NA,1317.35870414697,NA
1970,"Trumbull",232579,634.7148718,NA,366.430676723274,NA
1970,"Tuscarawas",77211,571.4822461,NA,135.106559349683,NA
1970,"Union",23786,436.9746874,NA,54.4333589241215,NA
1970,"Van Wert",29194,410.4848053,NA,71.1207811423465,NA
1970,"Vinton",9420,414.959012,NA,22.7010372773878,NA
1970,"Warren",84925,407.1390585,NA,208.589665439824,NA
1970,"Washington",57160,640.1477108,NA,89.2918915988413,NA
1970,"Wayne",87123,556.3107853,NA,156.608504278804,NA
1970,"Williams",33669,423.0501305,NA,79.5863127620522,NA
1970,"Wood",89722,620.5390353,NA,144.587197413977,NA
1970,"Wyandot",21826,407.6205509,NA,53.5448959867445,NA
1980,"Adams",24328,585.785687,NA,41.5305469899608,NA
1980,"Allen",112241,406.879978,NA,275.857761671428,NA
1980,"Ashland",46178,426.844262,NA,108.184656819868,NA
1980,"Ashtabula",104215,710.008013,NA,146.78003359379,NA
1980,"Athens",56399,508.53712,NA,110.904391797397,NA
1980,"Auglaize",42554,401.717805,NA,105.930081938987,NA
1980,"Belmont",82569,541.387519,NA,152.513674774981,NA
1980,"Brown",31920,495.216639,NA,64.4566387439175,NA
1980,"Butler",258787,470.200179,NA,550.376226037124,NA
1980,"Carroll",25598,399.005785,NA,64.1544583119265,NA
1980,"Champaign",33649,429.704766,NA,78.3072534038405,NA
1980,"Clark",150236,403.794684,NA,372.060371156347,NA
1980,"Clermont",128483,457.671253,NA,280.732073858264,NA
1980,"Clinton",34603,412.284682,NA,83.9298705742359,NA
1980,"Columbiana",113572,535.181109,NA,212.212273733302,NA
1980,"Coshocton",36024,567.573315,NA,63.4702144162644,NA
1980,"Crawford",50075,402.828431,NA,124.308504927747,NA
1980,"Cuyahoga",1498400,459.408917,NA,3261.58231708855,NA
1980,"Darke",55096,600.285775,NA,91.7829512118624,NA
1980,"Defiance",39987,414.183282,NA,96.5442154181394,NA
1980,"Delaware",53840,455.973644,NA,118.077000082049,NA
1980,"Erie",79655,256.577366,NA,310.452169814542,NA
1980,"Fairfield",93678,508.595927,NA,184.189442004713,NA
1980,"Fayette",27467,407.077397,NA,67.4736553845066,NA
1980,"Franklin",869132,543.324782,NA,1599.6546242575,NA
1980,"Fulton",37751,407.319194,NA,92.6816132313176,NA
1980,"Gallia",30098,471.135367,NA,63.8839749850493,NA
1980,"Geauga",74474,408.041566,NA,182.515719489225,NA
1980,"Greene",129769,416.212789,NA,311.785229646079,NA
1980,"Guernsey",42024,528.29151,NA,79.5469910163803,NA
1980,"Hamilton",873224,412.783997,NA,2115.45022662301,NA
1980,"Hancock",64581,533.592954,NA,121.030458734281,NA
1980,"Hardin",32719,470.533815,NA,69.5359163506665,NA
1980,"Harrison",18152,410.78872,NA,44.1881656341489,NA
1980,"Henry",28383,419.9748,NA,67.5826263861546,NA
1980,"Highland",33477,557.839721,NA,60.0118613640279,NA
1980,"Hocking",24304,423.599139,NA,57.3749985832714,NA
1980,"Holmes",29416,424.018261,NA,69.374370647683,NA
1980,"Huron",54608,494.512695,NA,110.427903170413,NA
1980,"Jackson",30592,421.49912,NA,72.5790364639433,NA
1980,"Jefferson",91564,410.872521,NA,222.852576699818,NA
1980,"Knox",46304,529.531071,NA,87.4434051859442,NA
1980,"Lake",212801,231.713917,NA,918.378156802727,NA
1980,"Lawrence",63849,457.276725,NA,139.628799169693,NA
1980,"Licking",120981,688.379172,NA,175.747618348918,NA
1980,"Logan",39155,466.775135,NA,83.8840740734829,NA
1980,"Lorain",274909,494.668288,NA,555.744135350758,NA
1980,"Lucas",471741,347.01454,NA,1359.42718711441,NA
1980,"Madison",33004,465.94069,NA,70.83304958835,NA
1980,"Mahoning",289487,423.381036,NA,683.750511678563,NA
1980,"Marion",67974,404.14415,NA,168.192463011032,NA
1980,"Medina",113150,423.111748,NA,267.423441998117,NA
1980,"Meigs",23641,432.376423,NA,54.6768943504581,NA
1980,"Mercer",38334,473.292269,NA,80.9943506598879,NA
1980,"Miami",90381,409.218909,NA,220.862228045283,NA
1980,"Monroe",17382,457.457771,NA,37.9969498867689,NA
1980,"Montgomery",571697,464.344428,NA,1231.19168773573,NA
1980,"Morgan",14241,421.85821,NA,33.7577879543935,NA
1980,"Morrow",26480,407.355016,NA,65.0047230546438,NA
1980,"Muskingum",83340,672.590345,NA,123.909004373234,NA
1980,"Noble",11310,404.584763,NA,27.9545871083632,NA
1980,"Ottawa",40076,267.098408,NA,150.042077375467,NA
1980,"Paulding",21302,418.896212,NA,50.8526918834969,NA
1980,"Perry",31032,412.592478,NA,75.212229147813,NA
1980,"Pickaway",43662,506.789347,NA,86.1541393055367,NA
1980,"Pike",22802,443.941743,NA,51.3625951141972,NA
1980,"Portage",135856,507.104204,NA,267.905489499748,NA
1980,"Preble",38223,426.325309,NA,89.6568868727425,NA
1980,"Putnam",32991,484.226097,NA,68.1313960655863,NA
1980,"Richland",131205,500.325721,NA,262.239166392967,NA
1980,"Ross",65004,692.960037,NA,93.8062752960745,NA
1980,"Sandusky",63267,412.348305,NA,153.43096899598,NA
1980,"Scioto",84545,616.073374,NA,137.232030417208,NA
1980,"Seneca",61901,552.365295,NA,112.065331693223,NA
1980,"Shelby",43089,411.035954,NA,104.830245579928,NA
1980,"Stark",378823,580.908174,NA,652.121999577854,NA
1980,"Summit",524472,420.061052,NA,1248.56136388479,NA
1980,"Trumbull",241863,634.714984,NA,381.057649648933,NA
1980,"Tuscarawas",84614,571.482345,NA,148.060566945423,NA
1980,"Union",29536,436.974708,NA,67.5920126709027,NA
1980,"Van Wert",30458,410.484774,NA,74.2000725220566,NA
1980,"Vinton",11584,414.959029,NA,27.916009028448,NA
1980,"Warren",99276,407.139075,NA,243.838054600876,NA
1980,"Washington",64266,640.147712,NA,100.39245442152,NA
1980,"Wayne",97408,556.310832,NA,175.096356922994,NA
1980,"Williams",36369,423.050223,NA,85.9685163196333,NA
1980,"Wood",107372,620.539007,NA,173.030218549984,NA
1980,"Wyandot",22651,407.620576,NA,55.5688336989151,NA
1990,"Adams",25371,585.8301274,3096,43.307776116944,0.122029088329195
1990,"Allen",109755,406.9177154,73886,269.722835468372,0.67319028745843
1990,"Ashland",47507,426.864526,22923,111.292921070701,0.482518365714526
1990,"Ashtabula",99821,1368.765029,52663,72.9277837211605,0.527574358101001
1990,"Athens",59549,508.5799625,28475,117.088765564569,0.478177635224773
1990,"Auglaize",44585,401.7400853,24916,110.979714575174,0.558842660087473
1990,"Belmont",71074,541.4098444,34576,131.275780695797,0.486478881166109
1990,"Brown",34966,495.2582792,3627,70.6015456348983,0.103729337070297
1990,"Butler",291479,470.2407888,241550,619.850525395342,0.828704640814604
1990,"Carroll",26521,399.0172927,5070,66.4657910451509,0.19116926209419
1990,"Champaign",36019,429.7436899,11353,83.8150759313802,0.315194758321997
1990,"Clark",147548,403.8300564,106010,365.371516214859,0.718478054599181
1990,"Clermont",150187,457.7407308,79763,328.104950891121,0.53109123958798
1990,"Clinton",35415,412.308474,18067,85.8944267053798,0.510151065932514
1990,"Columbiana",108276,535.2241014,43578,202.300306949518,0.402471461819794
1990,"Coshocton",35427,567.6122824,12193,62.4140828140755,0.344172523781297
1990,"Crawford",47870,402.8493568,30280,118.828537744857,0.632546480050136
1990,"Cuyahoga",1412140,1245.626235,1409697,1133.67875556988,0.998270001557919
1990,"Darke",53619,600.3834767,12863,89.3079208220655,0.239896305414126
1990,"Defiance",39350,414.209255,20432,95.0002915796751,0.519237611181703
1990,"Delaware",66929,455.9947768,29979,146.775804033727,0.447922425256615
1990,"Erie",76779,625.7808916,49788,122.693103977162,0.64845856288829
1990,"Fairfield",103461,508.5861402,50393,203.428665907636,0.487072423425252
1990,"Fayette",27466,407.1092221,12983,67.4659243981788,0.472693511978446
1990,"Franklin",961437,543.35078,931114,1769.4591328276,0.968460751978549
1990,"Fulton",38498,407.361733,15989,94.5056859329494,0.415320276377994
1990,"Gallia",30954,471.1624147,4831,65.6970909271469,0.156070297861343
1990,"Geauga",81129,408.714635,12723,198.49790795967,0.156824316828754
1990,"Greene",136731,416.2397664,111259,328.490958907092,0.813707206120046
1990,"Guernsey",39024,528.3290888,11748,73.8630539700846,0.301045510455105
1990,"Hamilton",866228,412.8127235,838670,2098.3558662043,0.968186205017617
1990,"Hancock",65536,533.6379937,38952,122.809846325978,0.5943603515625
1990,"Hardin",31111,470.5527593,13769,66.1158592423963,0.442576580630645
1990,"Harrison",16085,410.8146447,3439,39.1539109121735,0.21380167858253
1990,"Henry",29108,420.005807,8884,69.3038036971713,0.305208190188264
1990,"Highland",35728,557.8886852,11407,64.0414493927076,0.319273399014778
1990,"Hocking",25533,423.6174067,6725,60.2737271796815,0.263384639486155
1990,"Holmes",32849,424.041733,3148,77.4664318240582,0.0958324454321288
1990,"Huron",56240,494.9424476,27493,113.629373016419,0.488851351351351
1990,"Jackson",30230,421.5220302,12193,71.7162991117137,0.403341051935164
1990,"Jefferson",80298,410.8941817,44907,195.42257733556,0.559254277815139
1990,"Knox",47473,529.5650018,14560,89.6452745907273,0.306700650896299
1990,"Lake",215499,979.0277021,193596,220.115324150438,0.89836147731544
1990,"Lawrence",61834,457.3052076,33792,135.213854931837,0.546495455574603
1990,"Licking",128300,688.393537,69503,186.375950824768,0.541722525331255
1990,"Logan",42310,466.8114292,12142,90.6361698823633,0.286977073977783
1990,"Lorain",271126,923.0926939,234175,293.714815198582,0.863712812493084
1990,"Lucas",462361,560.6473852,438167,824.691262646417,0.947672922240414
1990,"Madison",37068,465.9728153,12312,79.5497050104416,0.332146325671738
1990,"Mahoning",264806,423.4035061,222296,625.42231272279,0.839467383669554
1990,"Marion",64274,404.1678958,34075,159.027969979599,0.53015216106046
1990,"Medina",122354,423.1316902,70153,289.162931621046,0.573360903607565
1990,"Meigs",22987,432.4104977,2737,53.1601339982917,0.119067298908078
1990,"Mercer",39443,473.3180231,13985,83.3329771422347,0.354562279745455
1990,"Miami",93182,409.1903129,54081,227.722888500472,0.580380330965208
1990,"Monroe",15497,457.4781814,2832,33.8748395662832,0.182745047428535
1990,"Montgomery",573809,464.3909547,544690,1235.61622850877,0.94925314869582
1990,"Morgan",14194,421.8826496,0,33.6444269833276,0
1990,"Morrow",27749,407.3794937,2896,68.1158488071438,0.104364121229594
1990,"Muskingum",82068,672.6123828,26778,122.013810775177,0.326290393332359
1990,"Noble",11336,404.6057356,0,28.0173981794637,0
1990,"Ottawa",40029,620.4109826,9927,64.5201344312888,0.247995203477479
1990,"Paulding",20488,418.9197016,2589,48.906747335466,0.126366653650918
1990,"Perry",31557,412.6169697,7718,76.4801312533123,0.244573311785024
1990,"Pickaway",48255,506.8459777,11709,95.2064377012023,0.242648430214486
1990,"Pike",24249,443.9781188,4477,54.6175565263015,0.184626170151346
1990,"Portage",142585,507.138257,79630,281.156071410325,0.558473892765719
1990,"Preble",40113,426.3533267,7396,94.0839381047569,0.184379128960686
1990,"Putnam",33819,484.2775333,3999,69.8339230596721,0.118247139182117
1990,"Richland",126137,500.3625499,86147,252.091208714979,0.682963761624266
1990,"Ross",69330,693.0024386,21921,100.042938001863,0.316183470359152
1990,"Sandusky",61963,417.8000053,33323,148.30780089509,0.537788680341494
1990,"Scioto",80327,616.1229318,34127,130.374955798715,0.42485092185691
1990,"Seneca",59733,552.4075787,29452,108.132115313428,0.493060787169571
1990,"Shelby",44915,411.0648389,18710,109.265000918569,0.416564622063898
1990,"Stark",367585,580.9432322,286812,632.73824295702,0.780260347946733
1990,"Summit",514990,420.0988576,485812,1225.87812531105,0.943342589176489
1990,"Trumbull",227813,634.0817023,163916,359.280198708866,0.719519957157844
1990,"Tuscarawas",84090,571.5281306,39925,147.131865428428,0.474788916636937
1990,"Union",31969,437.0051135,9665,73.1547503963017,0.302324126497544
1990,"Van Wert",30464,410.5123267,14081,74.2097082562466,0.462217699579832
1990,"Vinton",11098,414.9903397,0,26.7427911888813,0
1990,"Warren",113909,407.1435852,72018,279.775990929698,0.632241526130508
1990,"Washington",62254,640.1879082,24598,97.2433237219959,0.395123204934623
1990,"Wayne",101461,556.3454348,38754,182.370508776574,0.381959570672475
1990,"Williams",36956,423.0807247,12647,87.3497605597724,0.3422177724862
1990,"Wood",113269,620.5870452,71912,182.519117787088,0.634878033707369
1990,"Wyandot",22254,407.6497652,9590,54.5909795608046,0.430933764716455
2000,"Adams",27330,585.7864,2774,46.6552313266406,0.10150018294914
2000,"Allen",108473,406.882,79598,266.595720626619,0.733804725599919
2000,"Ashland",52523,426.8462,24136,123.04900453606,0.459532014546008
2000,"Ashtabula",102728,1368.467,55900,75.0679409879814,0.544155439607507
2000,"Athens",62223,508.5384,36873,122.356541806872,0.592594378284557
2000,"Auglaize",46611,401.7193,27508,116.028779299376,0.590161120765485
2000,"Belmont",70226,541.3895,36881,129.714373847295,0.525175860792299
2000,"Brown",42285,495.2162,8116,85.386948165266,0.191935674589098
2000,"Butler",332807,470.2006,294608,707.79790582998,0.885221765167199
2000,"Carroll",28836,399.0075,8820,72.2693182458976,0.305867665418227
2000,"Champaign",38890,429.7062,11675,90.503697642715,0.300205708408331
2000,"Clark",144742,403.5607,110845,358.662278066224,0.76581089110279
2000,"Clermont",177977,457.6716,127103,388.874905062932,0.714154076088483
2000,"Clinton",40543,412.285,18278,98.3373152067138,0.450829982981032
2000,"Columbiana",112075,535.1837,63946,209.414075951865,0.57056435422708
2000,"Coshocton",36655,567.5753,14992,64.5817391983055,0.409002864547811
2000,"Crawford",46966,402.8307,30917,116.589922267593,0.6582847166035
2000,"Cuyahoga",1393978,1245.559,1383400,1119.15854648395,0.992411644947051
2000,"Darke",53309,600.2874,18268,88.8057953573572,0.342681348365192
2000,"Defiance",39500,414.1858,20812,95.3678276754056,0.526886075949367
2000,"Delaware",109989,455.9749,74712,241.217224895493,0.679267926792679
2000,"Erie",79551,626.146,58651,127.048643607082,0.737275458510892
2000,"Fairfield",122759,508.5968,74875,241.368014899032,0.609934913122459
2000,"Fayette",28433,407.0782,14671,69.84653071572,0.515984947068547
2000,"Franklin",1068978,543.3235,1049003,1967.47977954202,0.98131392788252
2000,"Fulton",42084,407.3217,18132,103.318826372373,0.430852580553179
2000,"Gallia",31069,471.1349,7151,65.9450191441984,0.230165116353922
2000,"Geauga",90895,408.2866,33101,222.625479258932,0.364167445954123
2000,"Greene",147886,416.2135,123323,355.312838242873,0.833905846395196
2000,"Guernsey",40792,528.2932,16609,77.2146982016804,0.407163169248872
2000,"Hamilton",845303,412.7835,824942,2047.81198860904,0.975912779204617
2000,"Hancock",71295,533.5961,48466,133.612295891968,0.679795217055895
2000,"Hardin",31945,470.5358,14595,67.8906897201021,0.456879010799812
2000,"Harrison",15856,410.7906,2850,38.5987410617478,0.179742684157417
2000,"Henry",29210,419.9774,9210,69.5513615732656,0.315302978432044
2000,"Highland",40875,557.8402,11725,73.2736722810583,0.286850152905199
2000,"Hocking",28241,423.6003,8693,66.6689801683332,0.30781487907652
2000,"Holmes",38943,424.0197,3202,91.8424309059225,0.082222735793339
2000,"Huron",59487,494.5152,31886,120.293572371486,0.536016272462891
2000,"Jackson",32641,421.4994,12523,77.4402051343371,0.383658588891272
2000,"Jefferson",73894,410.8739,44382,179.845933265656,0.600617100170515
2000,"Knox",54500,529.5328,22534,102.920914436273,0.413467889908257
2000,"Lake",227511,978.8653,209532,232.423194488557,0.920975249548374
2000,"Lawrence",62319,457.2768,32681,136.282881615687,0.524414704985638
2000,"Licking",145491,688.3809,89442,211.35246489262,0.614759675856239
2000,"Logan",46005,466.7837,20598,98.5574260626496,0.44773394196283
2000,"Lorain",284664,923.0225,238110,308.404182996623,0.836459826321558
2000,"Lucas",455054,595.8836,429836,763.662567655831,0.944582401209527
2000,"Madison",40213,466.1771,20810,86.2612084548984,0.517494342625519
2000,"Mahoning",257555,423.3828,220521,608.326554597872,0.856209353342005
2000,"Marion",66217,404.1461,45645,163.84421376329,0.689324493710074
2000,"Medina",151095,423.1135,99663,357.102763206563,0.659604884344287
2000,"Meigs",23072,432.3775,4865,53.3607784863921,0.210861650485437
2000,"Mercer",40924,473.2943,16143,86.4662853535316,0.394462906851725
2000,"Miami",98868,409.2199,67073,241.601153805081,0.678409596633896
2000,"Monroe",15180,457.4587,340,33.1833234344434,0.0223978919631094
2000,"Montgomery",559062,464.344,533559,1203.98239236428,0.954382519291241
2000,"Morgan",14897,421.8596,2706,35.3126964516157,0.181647311539236
2000,"Morrow",31628,407.3566,3452,77.6420463053747,0.109143796635892
2000,"Muskingum",84585,672.5919,45244,125.759766063195,0.53489389371638
2000,"Noble",14058,404.5855,4923,34.7466728293525,0.350192061459667
2000,"Ottawa",40985,585.1208,19143,70.0453649912975,0.467073319507137
2000,"Paulding",20293,418.8985,3455,48.4437160791934,0.170255753215394
2000,"Perry",34078,412.5927,8908,82.5947720354723,0.261400316920007
2000,"Pickaway",52727,506.7908,28794,104.040957333874,0.546095928082387
2000,"Pike",27695,443.9426,5267,62.3841911093912,0.190178732623217
2000,"Portage",152061,507.107,89414,299.859792903667,0.588014020689066
2000,"Preble",42337,426.3261,7873,99.3066105969116,0.185960271157616
2000,"Putnam",34726,484.2286,5275,71.7140623251084,0.151903472902148
2000,"Richland",128852,500.3274,90761,257.535365842446,0.704381771334554
2000,"Ross",73345,692.9606,30594,105.842958459687,0.417124548367305
2000,"Sandusky",61792,417.7681,36074,147.909809293721,0.583797255308131
2000,"Scioto",79195,616.0712,39318,128.548453490441,0.496470736788939
2000,"Seneca",58683,552.3686,31844,106.238841237536,0.542644377417651
2000,"Shelby",47910,411.0309,20437,116.560579752033,0.426570653308286
2000,"Stark",378098,580.9093,326288,650.872692174148,0.862972033705547
2000,"Summit",542899,420.0614,519811,1292.42772604195,0.9574727527588
2000,"Trumbull",225116,634.7186,165282,354.670557944891,0.734208141580341
2000,"Tuscarawas",90914,571.4835,52826,159.084208030503,0.581054623050355
2000,"Union",40909,436.9772,16354,93.6181567367817,0.399765332811851
2000,"Van Wert",29659,410.4869,14366,72.2532192866569,0.484372365892309
2000,"Vinton",12806,414.9603,876,30.8607835496552,0.0684054349523661
2000,"Warren",158383,407.1389,122537,389.014658142467,0.773675205040945
2000,"Washington",63251,640.1486,22279,98.8067458087075,0.352231585271379
2000,"Wayne",111564,556.3133,53742,200.541673190269,0.481714531569323
2000,"Williams",39188,423.0529,13150,92.6314415998567,0.335561906706135
2000,"Wood",121065,620.5421,81787,195.095546297342,0.675562714244414
2000,"Wyandot",22908,407.6225,10045,56.1990567252789,0.438493102846167
2010,"Adams",28550,586.2478,NA,48.6995430942342,NA
2010,"Allen",106331,406.849,NA,261.352491956475,NA
2010,"Ashland",53139,426.799,NA,124.505914962312,NA
2010,"Ashtabula",101497,1367.902,NA,74.1990288777997,NA
2010,"Athens",64757,508.441,NA,127.363843592472,NA
2010,"Auglaize",45949,401.9055,NA,114.327870606399,NA
2010,"Belmont",70400,541.2736,NA,130.063612930688,NA
2010,"Brown",44846,493.4515,NA,90.882285290449,NA
2010,"Butler",368130,470.1322,NA,783.035069710179,NA
2010,"Carroll",28836,398.9303,NA,72.2833036247184,NA
2010,"Champaign",40097,429.8333,NA,93.2850014179916,NA
2010,"Clark",138333,402.5268,NA,343.661589737627,NA
2010,"Clermont",197363,459.7663,NA,429.268086851951,NA
2010,"Clinton",42040,412.2949,NA,101.965850171807,NA
2010,"Columbiana",107841,534.6887,NA,201.689319411463,NA
2010,"Coshocton",36901,567.4829,NA,65.0257479124041,NA
2010,"Crawford",43784,402.6969,NA,108.726935816988,NA
2010,"Cuyahoga",1280122,1245.587,NA,1027.72588345896,NA
2010,"Darke",52959,599.757,NA,88.3007618085325,NA
2010,"Defiance",39037,414.1892,NA,94.2491981925168,NA
2010,"Delaware",174214,457.3291,NA,380.937928507064,NA
2010,"Erie",77079,625.9872,NA,123.131910684436,NA
2010,"Fairfield",146156,508.5615,NA,287.391003841227,NA
2010,"Fayette",29030,407.015,NA,71.3241526725059,NA
2010,"Franklin",1163414,543.5082,NA,2140.56384061915,NA
2010,"Fulton",42698,407.2268,NA,104.850663070309,NA
2010,"Gallia",30934,471.1964,NA,65.6499073422463,NA
2010,"Geauga",93389,408.2933,NA,228.730179995606,NA
2010,"Greene",161573,416.2555,NA,388.15823454585,NA
2010,"Guernsey",40087,528.3025,NA,75.8788762120187,NA
2010,"Hamilton",802374,412.6313,NA,1944.53014107267,NA
2010,"Hancock",74782,533.6589,NA,140.130708960349,NA
2010,"Hardin",32058,470.648,NA,68.1145994458704,NA
2010,"Harrison",15864,410.7672,NA,38.6204156514931,NA
2010,"Henry",28215,419.7506,NA,67.2184864059754,NA
2010,"Highland",43589,557.7922,NA,78.1455889845717,NA
2010,"Hocking",29380,423.6281,NA,69.3532841659937,NA
2010,"Holmes",42366,423.9793,NA,99.9246897195217,NA
2010,"Huron",59626,494.8214,NA,120.500043045834,NA
2010,"Jackson",33225,421.5335,NA,78.8193583665355,NA
2010,"Jefferson",69709,410.9529,NA,169.6277115942,NA
2010,"Knox",60921,529.6331,NA,115.02491064097,NA
2010,"Lake",230041,979.1975,NA,234.928091626051,NA
2010,"Lawrence",62450,457.2742,NA,136.570136692601,NA
2010,"Licking",166492,687.4913,NA,242.173246410536,NA
2010,"Logan",45858,466.7726,NA,98.2448412781727,NA
2010,"Lorain",301356,923.3317,NA,326.378916699167,NA
2010,"Lucas",441815,595.8768,NA,741.453602489642,NA
2010,"Madison",43435,466.6297,NA,93.0823734537257,NA
2010,"Mahoning",238823,425.2858,NA,561.558838785588,NA
2010,"Marion",66501,404.1082,NA,164.562362258425,NA
2010,"Medina",172332,423.0155,NA,407.389327341433,NA
2010,"Meigs",23770,433.0019,NA,54.8958330205941,NA
2010,"Mercer",40814,473.4247,NA,86.2101195818469,NA
2010,"Miami",102506,409.6561,NA,250.224517589266,NA
2010,"Monroe",14642,457.458,NA,32.0073099606958,NA
2010,"Montgomery",535153,464.3347,NA,1152.5156315046,NA
2010,"Morgan",15054,421.7831,NA,35.6913304492285,NA
2010,"Morrow",34827,407.2212,NA,85.5235434697408,NA
2010,"Muskingum",86074,672.5832,NA,127.975245293073,NA
2010,"Noble",14645,404.5707,NA,36.1988646236616,NA
2010,"Ottawa",41428,585.0631,NA,70.8094562791603,NA
2010,"Paulding",19614,418.8473,NA,46.8285219935762,NA
2010,"Perry",36058,412.487,NA,87.4160882645998,NA
2010,"Pickaway",55698,506.5527,NA,109.954995798068,NA
2010,"Pike",28709,443.9759,NA,64.663419793732,NA
2010,"Portage",161419,504.0637,NA,320.235319464584,NA
2010,"Preble",42270,426.4616,NA,99.1179510652307,NA
2010,"Putnam",34499,484.2997,NA,71.2348159620995,NA
2010,"Richland",124475,500.0773,NA,248.911518279274,NA
2010,"Ross",78064,693.0247,NA,112.642449828989,NA
2010,"Sandusky",60944,417.7072,NA,145.901243742028,NA
2010,"Scioto",79499,616.1478,NA,129.025860353636,NA
2010,"Seneca",56745,552.7934,NA,102.651370294942,NA
2010,"Shelby",49423,410.6923,NA,120.340702759706,NA
2010,"Stark",375586,580.5324,NA,646.96819677937,NA
2010,"Summit",541781,420.0555,NA,1289.78432611881,NA
2010,"Trumbull",210312,636.5674,NA,330.384496598475,NA
2010,"Tuscarawas",92582,571.4508,NA,162.012197725508,NA
2010,"Union",52300,436.8721,NA,119.714671639594,NA
2010,"Van Wert",28744,410.4255,NA,70.0346347875558,NA
2010,"Vinton",13435,414.9787,NA,32.3751556405184,NA
2010,"Warren",212693,407.313,NA,522.185641018087,NA
2010,"Washington",61778,639.9969,NA,96.5285925603702,NA
2010,"Wayne",114520,556.8165,NA,205.66919263348,NA
2010,"Williams",37642,423.0918,NA,88.9688715309538,NA
2010,"Wood",125488,620.4904,NA,202.240034656459,NA
2010,"Wyandot",22615,407.5536,NA,55.4896337561489,NA
