"","Decade","County","Agriculture","Developed","Forest","Nontarget"
"1","1930","Adams","52.534680775","0.394146461250001","46.68731734","0.38385543175"
"2","1930","Allen","91.3251690225","2.38702407725","6.00017791499999","0.28762898875"
"3","1930","Ashland","79.2121486375","0.856851988500001","18.9242689849999","1.00673038825"
"4","1930","Ashtabula","54.1027646525","1.626313463","40.2565715574999","4.01435032475"
"5","1930","Athens","71.50227726","1.123209033","27.0507163824998","0.323797324250002"
"6","1930","Auglaize","92.8978807775","1.41682175675","4.7052290325","0.9800684395"
"7","1930","Belmont","63.0407663150002","2.36355535724999","33.357095125","1.238583204"
"8","1930","Brown","73.637941995","0.297109600499997","25.546534945","0.518413459"
"9","1930","Butler","72.9026544175001","2.92139446499999","23.898701035","0.277250089249996"
"10","1930","Carroll","77.2213149499999","1.633097441","20.2201657225","0.925421883000002"
"11","1930","Champaign","90.4264870975","1.01851851825","8.18041526374999","0.3745791245"
"12","1930","Clark","87.4196937875","3.89672770999999","8.52296607575001","0.16061242825"
"13","1930","Clermont","60.6914279725","-0.146889098250028","38.849543595","0.60591753175"
"14","1930","Clinton","90.22553092","0.881939975500003","8.825250103","0.0672790032500004"
"15","1930","Columbiana","67.4686428425","2.86500631700001","28.6342717924999","1.03207904775"
"16","1930","Coshocton","76.3961549899998","1.83318446675","20.5754753050001","1.19518523225"
"17","1930","Crawford","91.3406231225","1.55032953825","6.77052127","0.33852606375"
"18","1930","Cuyahoga","33.2707063275","46.0742064275","19.6407925175","1.01429472375"
"19","1930","Darke","94.76009338","0.8694602105","4.322143058","0.0483033452500001"
"20","1930","Defiance","88.36528377","0.80264537875","10.35281436","0.479256497000002"
"21","1930","Delaware","82.215801145","0.795598479500001","15.4646928475","1.52390753674999"
"22","1930","Erie","78.8062283725","3.00430188025001","13.96006734","4.22940241225"
"23","1930","Fairfield","81.459381225","1.20290405225001","16.6484768025","0.689237923749999"
"24","1930","Fayette","95.468148145","0.725925925749999","3.5837037035","0.2222222215"
"25","1930","Franklin","73.94192804","14.65329844","10.921210245","0.483563284749998"
"26","1930","Fulton","91.71999052","0.765789786000001","7.343879607","0.170340087"
"27","1930","Gallia","55.9453092975001","0.732281851250001","42.6131708325","0.709238017250001"
"28","1930","Geauga","63.461538455","0.218598605499992","33.4529717550001","2.86689117325"
"29","1930","Greene","86.14609937","2.92256791275","10.7688065975","0.1625261205"
"30","1930","Guernsey","74.2145401400001","1.183898073","23.939400855","0.662160928000002"
"31","1930","Hamilton","30.7819351075001","32.7506577","35.118386435","1.34902075425"
"32","1930","Hancock","93.5592530625","1.582493105","4.75200072375","0.106253109"
"33","1930","Hardin","94.660256405","0.69743589775","4.52307692275","0.11923076925"
"34","1930","Harrison","67.2656479625","2.78283867225","28.069350575","1.882162797"
"35","1930","Henry","93.802460615","0.855179946749999","4.554731517","0.787627917749999"
"36","1930","Highland","81.26216742","0.597014925749999","18.0456413625","0.0951762922500023"
"37","1930","Hocking","63.3697076725","0.592626359999999","35.82397857","0.213687389750003"
"38","1930","Holmes","80.1482303375","0.51638784625","18.8175714074999","0.517810401249999"
"39","1930","Huron","88.7837509075","0.990026757500001","9.81391388999998","0.4123084405"
"40","1930","Jackson","70.1742090524999","1.629097774","27.7676068374999","0.42908633225"
"41","1930","Jefferson","48.84094256","4.4963181145","45.3004418275001","1.36229749575"
"42","1930","Knox","82.6111718625","0.687989793499998","16.1495352625001","0.5513030805"
"43","1930","Lake","65.3270394350002","4.35530982750004","27.0055289000001","3.3121218445"
"44","1930","Lawrence","49.1907377099999","1.9868511375","48.5293341024999","0.293077045"
"45","1930","Licking","85.4460712","1.35524190725","12.7536689875","0.4450179055"
"46","1930","Logan","85.2111765925","1.2045078575","11.7982320075","1.78608354075"
"47","1930","Lorain","80.4688263449999","2.99276849424999","15.5538454050001","0.98455975825"
"48","1930","Lucas","58.7385225375","20.882025595","15.95888981","4.42056204775"
"49","1930","Madison","95.6913465525","0.826104915499997","3.2372986375","0.245249897"
"50","1930","Mahoning","59.9102935349999","11.186339635","25.3349798425","3.56838698725"
"51","1930","Marion","93.24683469","1.723005256","4.73453177300001","0.2956282845"
"52","1930","Medina","87.5064179425001","1.22796508649999","10.541103315","0.724513663000002"
"53","1930","Meigs","49.0238732700001","0.605198572500001","49.5774765775","0.7934515845"
"54","1930","Mercer","91.7002191575","0.866418633249999","3.7969522445","3.6364099685"
"55","1930","Miami","91.548881035","1.72261484075","6.64016489950001","0.0883392225000001"
"56","1930","Monroe","65.9797350850001","0.529051664750001","32.8289091825","0.662304078750001"
"57","1930","Montgomery","75.486911805","13.15051418","10.9652539775","0.397320037"
"58","1930","Morgan","73.0817646050002","0.26749442125","25.8139268775001","0.836814097999998"
"59","1930","Morrow","89.1824644549999","0.29472748875","10.362855455","0.15995260625"
"60","1930","Muskingum","76.0351261175001","2.20569767875","20.8056761500002","0.953500054499997"
"61","1930","Noble","70.6330510525002","0.499463263250002","27.6389551575","1.22853053425"
"62","1930","Ottawa","79.8330005475","1.84470865874999","9.20766019275","9.11463060475"
"63","1930","Paulding","93.4432603675","0.561635944250001","5.8078917055","0.187211981249999"
"64","1930","Perry","75.6872952725","2.49034861975","21.2739822174999","0.548373889000001"
"65","1930","Pickaway","91.5717621275","0.4979510155","7.69560659525","0.2346802625"
"66","1930","Pike","58.403098665","0.55857570025","40.70807285","0.330252786250004"
"67","1930","Portage","64.7374844425","0.806451612499984","31.0280463299999","3.42801761325001"
"68","1930","Preble","88.277315675","0.427205341000004","11.203530805","0.0919481699999984"
"69","1930","Putnam","93.6908320925","0.682610861500001","5.4285002495","0.19805680075"
"70","1930","Richland","77.6475129099999","1.79596661400001","19.5542046649999","1.00231582"
"71","1930","Ross","74.9817149575","0.802800222999998","24.0413415950001","0.174143215000001"
"72","1930","Sandusky","89.7684697375","1.6918393635","7.03225617575","1.50743472675"
"73","1930","Scioto","57.405992945","1.156482569","40.9674892350001","0.470035252750002"
"74","1930","Seneca","92.2992971625","1.2070546125","6.35940978799999","0.13423844175"
"75","1930","Shelby","92.222385425","0.6462984725","6.86398354825","0.2673325505"
"76","1930","Stark","77.0305676825","6.81534622499998","14.7016011649999","1.45248492425"
"77","1930","Summit","56.4621747424999","13.0866218599999","27.645183525","2.80601987475"
"78","1930","Trumbull","66.3798664349999","3.15891325774999","28.152272895","2.30894740800001"
"79","1930","Tuscarawas","67.87298302","4.42785334175","26.4678550350002","1.231308608"
"80","1930","Union","93.4270873575","0.636845886500002","5.8062109745","0.129855777"
"81","1930","Van Wert",NA,NA,NA,NA
"82","1930","Vinton","61.7090264075","0.732813772749999","37.210654875","0.347504944000001"
"83","1930","Warren","75.679919415","0.0311074249999876","23.6505303025","0.638442851000001"
"84","1930","Washington","61.8638472825","1.556192704","35.9688006900001","0.611159316249999"
"85","1930","Wayne","87.78802841","1.28421690975","9.38474532000004","1.54300935525"
"86","1930","Williams","88.6196476425","0.962141512999999","10.0176748975","0.400535949"
"87","1930","Wood","93.9283492675","1.2401835005","4.26483166175","0.56663556475"
"88","1930","Wyandot","91.2106946175","0.605495352","7.60792325475","0.575886776999999"
"89","1940","Adams","50.0018009312499","0.452033507187501","49.1172868775","0.428878689562501"
"90","1940","Allen","90.619069506875","2.70208160318749","6.38751334375","0.2913355478125"
"91","1940","Ashland","75.744443190625","0.973502630375002","22.26825405375","1.0138001241875"
"92","1940","Ashtabula","50.9360016368751","1.94405243674999","43.0184564856249","4.1014894413125"
"93","1940","Athens","62.4332835225","1.30260223925","35.8291227793748","0.434991460187501"
"94","1940","Auglaize","92.432610918125","1.5143783395625","5.059809689375","0.993201056375"
"95","1940","Belmont","57.6024727087502","2.5556916906875","38.45288483125","1.388950769"
"96","1940","Brown","72.78971242625","0.420905267374998","26.27708221375","0.51230009275"
"97","1940","Butler","71.148983420625","5.10987318374998","23.34195461625","0.399188786437499"
"98","1940","Carroll","69.7136031","1.6179761685","27.5993467568751","1.069073973"
"99","1940","Champaign","90.187991025625","1.0851571266875","8.3645482603125","0.362303591375"
"100","1940","Clark","86.483413390625","4.64725307749998","8.69183428356251","0.1774992491875"
"101","1940","Clermont","58.632357569375","1.17117826081247","39.57415276375","0.6223114045625"
"102","1940","Clinton","89.88730767","1.066591587375","8.91666179175","0.129438951687501"
"103","1940","Columbiana","63.1217853268751","3.23723154700001","32.449580401875","1.1914027255625"
"104","1940","Coshocton","69.3542384399998","1.8172344858125","27.4525753862499","1.3759516819375"
"105","1940","Crawford","90.930572194375","1.6196075491875","7.12252846000001","0.3272917915625"
"106","1940","Cuyahoga","29.0417411181249","47.723092280625","22.194594808125","1.0405717890625"
"107","1940","Darke","94.5676347425","0.919776194875","4.4592541155","0.0533349436875001"
"108","1940","Defiance","87.9920026825","0.921002796562497","10.47845531","0.608539214500002"
"109","1940","Delaware","80.88815442625","1.173276862625","16.083161813125","1.85540690331248"
"110","1940","Erie","76.810179556875","3.67939306118751","15.2138081025","4.2966192831875"
"111","1940","Fairfield","79.72887206875","1.5854844831875","17.968230999375","0.717412451562499"
"112","1940","Fayette","95.31074073875","0.803703703562499","3.689259259125","0.196296295875"
"113","1940","Franklin","70.1474535274999","18.0582050524999","11.14441462625","0.649926800062495"
"114","1940","Fulton","91.5903839325","0.837999171000002","7.392019197","0.17959770075"
"115","1940","Gallia","50.7924518631251","0.828297828437503","47.564394716875","0.814855591937501"
"116","1940","Geauga","56.4641675487499","0.661703887374983","39.74322048625","3.1309080704375"
"117","1940","Greene","85.2228204075","3.71705943806251","10.883082775625","0.177037381125"
"118","1940","Guernsey","65.5179696775001","1.302344963","32.3862338987499","0.793451456750002"
"119","1940","Hamilton","27.8935252856251","36.5507161625001","34.16106401625","1.3946945339375"
"120","1940","Hancock","93.251232084375","1.71248361","4.9159017953125","0.1203825115"
"121","1940","Hardin","94.32852563625","0.7166666668125","4.8371794868125","0.1176282051875"
"122","1940","Harrison","59.8512342093752","2.5808110494375","35.41580958125","2.15214516575"
"123","1940","Henry","93.64436012125","0.9288404045625","4.596053237","0.8307462343125"
"124","1940","Highland","80.344202895","0.705169803562498","18.676995459375","0.273631840687507"
"125","1940","Hocking","54.289774344375","0.66385549","44.7365234450001","0.309846715062502"
"126","1940","Holmes","75.3951149406249","0.546617162187499","23.483555248125","0.574712643437499"
"127","1940","Huron","87.564461198125","1.102529798125","10.9130990025","0.419909997375"
"128","1940","Jackson","61.7587533618751","1.79536872775","35.9667315031249","0.4791464044375"
"129","1940","Jefferson","44.4318851225","4.582842415125","49.4333578806251","1.5519145798125"
"130","1940","Knox","78.4735511218749","0.818981227875","20.116297609375","0.591170038625"
"131","1940","Lake","56.7957177162502","8.44330273312505","31.4162580875001","3.344721468875"
"132","1940","Lawrence","41.6641363474998","2.17002429062499","55.7836510493748","0.382188308750003"
"133","1940","Licking","80.4791183875001","1.7282845306875","17.346481990625","0.446115089875"
"134","1940","Logan","84.640909326875","1.282051281875","12.281262923125","1.7957764685625"
"135","1940","Lorain","76.37209273875","4.16849897393749","18.4473639237501","1.0120443666875"
"136","1940","Lucas","57.684248053125","21.50806900125","16.2871278475","4.5205550918125"
"137","1940","Madison","95.468685461875","0.929368029874997","3.359923585625","0.2420229245"
"138","1940","Mahoning","55.94305342875","12.12137341625","28.235891101875","3.6996820531875"
"139","1940","Marion","92.699997015","1.89097587225","5.09473542800001","0.314291686375"
"140","1940","Medina","82.3150208268751","1.76101032587499","15.11388270875","0.810086143000001"
"141","1940","Meigs","45.1333110200001","0.636574074375001","53.3686830681251","0.861431838874999"
"142","1940","Mercer","91.480429135625","0.9237551604375","3.975332551375","3.620483155375"
"143","1940","Miami","90.93786807875","2.0943757360625","6.84260895137501","0.125147231875"
"144","1940","Monroe","56.8730539912501","0.5669824263125","41.8481846043749","0.711778985312501"
"145","1940","Montgomery","73.42727484875","15.1371143675","10.989599568125","0.44601121825"
"146","1940","Morgan","64.5813068612501","0.297891514687501","34.114121418125","1.006680208"
"147","1940","Morrow","86.7091232237499","0.341010071562501","12.74548282375","0.204383885937499"
"148","1940","Muskingum","69.0531825206251","2.4041566503125","27.3279125250001","1.214748305125"
"149","1940","Noble","62.554046399375","0.5758736879375","35.5148198981251","1.3552600189375"
"150","1940","Ottawa","79.299782175625","2.3637456890625","9.0771918680625","9.2592802688125"
"151","1940","Paulding","93.445060483125","0.601238478937501","5.726886521125","0.226814515937499"
"152","1940","Perry","68.408545856875","2.3678784513125","28.5563874581248","0.667188231499999"
"153","1940","Pickaway","91.218848280625","0.745139617375003","7.7313447061875","0.304667396875001"
"154","1940","Pike","52.42830932125","0.702976352437499","46.4348328374999","0.433881489687504"
"155","1940","Portage","59.812326501875","1.587178136875","34.6355413049999","3.96495405418752"
"156","1940","Preble","87.88653595625","0.600492276000004","11.37328127375","0.139690488749999"
"157","1940","Putnam","93.804496764375","0.738664673375","5.282137518875","0.1747010460625"
"158","1940","Richland","73.968736435","2.3010445315","22.66005693375","1.0701621075"
"159","1940","Ross","70.733708898125","0.931230844249999","28.02160246375","0.313457787499999"
"160","1940","Sandusky","89.232452290625","1.933321625375","7.2133678723125","1.6208582133125"
"161","1940","Scioto","49.85727575125","1.27766353275","48.30199765375","0.563063063062501"
"162","1940","Seneca","91.879119921875","1.302549439375","6.67181429299999","0.1465163483125"
"163","1940","Shelby","91.82395710625","0.807873090625002","7.08247649793751","0.285693302375"
"164","1940","Stark","72.6689540418749","8.22026408874996","17.51403618375","1.5967456851875"
"165","1940","Summit","50.448762139375","15.84920156","30.8134441937499","2.8885921075625"
"166","1940","Trumbull","60.5897112412499","4.20476967431247","32.26810920125","2.9374098805"
"167","1940","Tuscarawas","61.8365612074999","4.4106931658125","32.2864746162502","1.46627101425"
"168","1940","Union","92.898684860625","0.745634635875","6.222371111375","0.13330938825"
"169","1940","Van Wert",NA,NA,NA,NA
"170","1940","Vinton","52.5179568481251","0.7618936843125","46.3126672062501","0.4074822615"
"171","1940","Warren","74.52079753375","1.31058541249999","23.461663799375","0.706953249750001"
"172","1940","Washington","55.6803391543749","1.7094541065","41.8622910900001","0.747915644687502"
"173","1940","Wayne","85.3814752225","1.63342429006251","11.40554617","1.5795543136875"
"174","1940","Williams","87.992473914375","1.07082786925","10.516563088125","0.42013512775"
"175","1940","Wood","93.533502445625","1.507464427375","4.3523054195625","0.6067277038125"
"176","1940","Wyandot","90.916459408125","0.61844910325","7.8614466750625","0.603644815749999"
"177","1950","Adams","47.4689210875","0.509920553125001","51.547256415","0.473901947375001"
"178","1950","Allen","89.91296999125","3.017139129125","6.77484877249999","0.295042106875"
"179","1950","Ashland","72.27673774375","1.09015327225","25.6122391225","1.020869860125"
"180","1950","Ashtabula","47.76923862125","2.2617914105","45.78034141375","4.188628557875"
"181","1950","Athens","53.364289785","1.4819954455","44.60752917625","0.546185596125003"
"182","1950","Auglaize","91.96734105875","1.611934922375","5.41439034625","1.00633367325"
"183","1950","Belmont","52.1641791025002","2.74782802412499","43.5486745375","1.539318334"
"184","1950","Brown","71.9414828575","0.544700934249999","27.0076294825","0.5061867265"
"185","1950","Butler","69.3953124237501","7.29835190249997","22.7852081975","0.521127483624998"
"186","1950","Carroll","62.2058912499999","1.602854896","34.9785277912501","1.212726063"
"187","1950","Champaign","89.94949495375","1.151795735125","8.54868125687499","0.35002805825"
"188","1950","Clark","85.54713299375","5.397778445","8.860702491375","0.194386070125"
"189","1950","Clermont","56.5732871662501","2.48924561987496","40.2987619325","0.638705277375"
"190","1950","Clinton","89.54908442","1.25124319925001","9.0080734805","0.191598900125001"
"191","1950","Columbiana","58.77492781125","3.60945677700001","36.2648890112499","1.350726403375"
"192","1950","Coshocton","62.3123218899998","1.801284504875","34.3296754675","1.556718131625"
"193","1950","Crawford","90.52052126625","1.688885560125","7.47453565","0.316057519375"
"194","1950","Cuyahoga","24.81277590875","49.37197813375","24.74839709875","1.066848854375"
"195","1950","Darke","94.375176105","0.970092179250001","4.596365173","0.0583665421250001"
"196","1950","Defiance","87.618721595","1.039360214375","10.60409626","0.737821931999999"
"197","1950","Delaware","79.5605077075","1.55095524574999","16.70163077875","2.186906269875"
"198","1950","Erie","74.81413074125","4.35448424212501","16.467548865","4.363836154125"
"199","1950","Fairfield","77.9983629125","1.96806491412499","19.28798519625","0.745586979374999"
"200","1950","Fayette","95.1533333325","0.881481481374999","3.79481481475","0.170370370250001"
"201","1950","Franklin","66.352979015","21.4631116649999","11.3676190075","0.816290315374999"
"202","1950","Fulton","91.460777345","0.910208556000001","7.440158787","0.1888553145"
"203","1950","Gallia","45.6395944287501","0.924313805625001","52.51561860125","0.920473166625001"
"204","1950","Geauga","49.4667966425","1.10480916924999","46.0334692175002","3.394924967625"
"205","1950","Greene","84.299541445","4.51155096337502","10.99735895375","0.19154864175"
"206","1950","Guernsey","56.8213992150002","1.420791853","40.8330669425","0.924741985500003"
"207","1950","Hamilton","25.00511546375","40.3507746250001","33.2037415975","1.440368313625"
"208","1950","Hancock","92.94321110625","1.842474115","5.079802866875","0.134511914"
"209","1950","Hardin","93.9967948675","0.735897435875","5.151282050875","0.116025641125"
"210","1950","Harrison","52.4368204562502","2.378783426625","42.7622685875001","2.4221275345"
"211","1950","Henry","93.4862596275","1.002500862375","4.637374957","0.873864550874998"
"212","1950","Highland","79.42623837","0.813324681375001","19.30834955625","0.452087389125005"
"213","1950","Hocking","45.2098410162498","0.735084619999999","53.64906832","0.406006040375001"
"214","1950","Holmes","70.64199954375","0.576846478124999","28.14953908875","0.631614885625"
"215","1950","Huron","86.34517148875","1.21503283875","12.012284115","0.42751155425"
"216","1950","Jackson","53.34329767125","1.9616396815","44.16585616875","0.529206476625001"
"217","1950","Jefferson","40.022827685","4.66936671575","53.56627393375","1.741531663875"
"218","1950","Knox","74.33593038125","0.949972662249998","24.0830599562501","0.63103699675"
"219","1950","Lake","48.2643959975001","12.5312956387501","35.826987275","3.37732109325"
"220","1950","Lawrence","34.137534985","2.35319744375","63.0379679962498","0.471299572500001"
"221","1950","Licking","75.512165575","2.101327154125","21.93929499375","0.44721227425"
"222","1950","Logan","84.07064206125","1.35959470625","12.76429383875","1.805469396375"
"223","1950","Lorain","72.2753591324999","5.34422945362499","21.3408824425001","1.039528975125"
"224","1950","Lucas","56.62997356875","22.1341124075","16.615365885","4.620548135875"
"225","1950","Madison","95.24602437125","1.03263114425","3.48254853375","0.238795952"
"226","1950","Mahoning","51.9758133225","13.0564071975","31.13680236125","3.830977119125"
"227","1950","Marion","92.15315934","2.0589464885","5.45493908300001","0.33295508825"
"228","1950","Medina","77.12362371125","2.29405556524999","19.6866621025","0.895658623000001"
"229","1950","Meigs","41.24274877","0.667949576250001","57.15988955875","0.929412093249999"
"230","1950","Mercer","91.26063911375","0.981091687625","4.15371285825","3.60455634225"
"231","1950","Miami","90.3268551225","2.46613663137501","7.04505300325","0.16195524125"
"232","1950","Monroe","47.7663728975001","0.604913187875001","50.86746002625","0.761253891875"
"233","1950","Montgomery","71.3676378925001","17.123714555","11.01394515875","0.494702399500001"
"234","1950","Morgan","56.0808491175001","0.328288608125001","42.4143159587502","1.17654631799999"
"235","1950","Morrow","84.2357819924999","0.387292654375001","15.1281101925","0.248815165624999"
"236","1950","Muskingum","62.0712389237501","2.602615621875","33.8501489","1.47599655575"
"237","1950","Noble","54.4750417462501","0.652284112625001","43.3906846387501","1.48198950362499"
"238","1950","Ottawa","78.76656380375","2.88278271937499","8.946723543375","9.403929932875"
"239","1950","Paulding","93.44686059875","0.640841013625001","5.64588133675","0.266417050624999"
"240","1950","Perry","61.1297964412499","2.245408282875","35.83879269875","0.786002574000001"
"241","1950","Pickaway","90.86593443375","0.992328219249998","7.767082817125","0.37465453125"
"242","1950","Pike","46.4535199775","0.847377004624999","52.1615928249998","0.537510193125001"
"243","1950","Portage","54.88716856125","2.36790466124998","38.24303628","4.50189049512501"
"244","1950","Preble","87.4957562375","0.773779211000004","11.5430317425","0.187432807499999"
"245","1950","Putnam","93.91816143625","0.79471848525","5.13577478825","0.151345291375"
"246","1950","Richland","70.2899599599999","2.806122449","25.7659092025","1.138008395"
"247","1950","Ross","66.4857028387499","1.0596614655","32.0018633325001","0.452772360000001"
"248","1950","Sandusky","88.69643484375","2.17480388725","7.394479568875","1.734281699875"
"249","1950","Scioto","42.3085585575","1.3988444965","55.6365060725002","0.656090873375"
"250","1950","Seneca","91.45894268125","1.39804426625","6.98421879799999","0.158794254875"
"251","1950","Shelby","91.4255287875","0.96944770875","7.300969447625","0.30405405425"
"252","1950","Stark","68.3073404012499","9.62518195249999","20.3264712025","1.741006446125"
"253","1950","Summit","44.43534953625","18.6117812599999","33.9817048624999","2.971164340375"
"254","1950","Trumbull","54.7995560474999","5.25062609087499","36.3839455075","3.565872353"
"255","1950","Tuscarawas","55.8001393950001","4.393532989875","38.1050941975002","1.7012334205"
"256","1950","Union","92.37028236375","0.854423385250001","6.63853124825","0.1367629995"
"257","1950","Van Wert",NA,NA,NA,NA
"258","1950","Vinton","43.32688728875","0.790973595874999","55.4146795375002","0.467459579000002"
"259","1950","Warren","73.3616756525","2.59006339999999","23.27279729625","0.775463648500001"
"260","1950","Washington","49.49683102625","1.862715509","47.7557814900001","0.884671973125002"
"261","1950","Wayne","82.974922035","1.982631670375","13.42634702","1.616099272125"
"262","1950","Williams","87.36530018625","1.1795142255","11.01545127875","0.4397343065"
"263","1950","Wood","93.13865562375","1.77474535424999","4.439779177375","0.646819842875"
"264","1950","Wyandot","90.62222419875","0.6314028545","8.114970095375","0.631402854499999"
"265","1960","Adams","44.93604124375","0.567807599062501","53.9772259525","0.5189252051875"
"266","1960","Allen","89.206870475625","3.3321966550625","7.16218420125","0.2987486659375"
"267","1960","Ashland","68.8090322968751","1.206803914125","28.9562241912499","1.0279395960625"
"268","1960","Ashtabula","44.602475605625","2.57953038424999","48.542226341875","4.2757676744375"
"269","1960","Athens","44.2952960475","1.66138865175","53.3859355731249","0.657379732062502"
"270","1960","Auglaize","91.502071199375","1.7094915051875","5.768971003125","1.019466290125"
"271","1960","Belmont","46.7258854962502","2.93996435756249","48.64446424375","1.689685899"
"272","1960","Brown","71.09325328875","0.668496601124996","27.73817675125","0.50007336025"
"273","1960","Butler","67.641641426875","9.48683062125002","22.22846177875","0.643066180812497"
"274","1960","Carroll","54.6981794000001","1.5877336235","42.3577088256252","1.356378153"
"275","1960","Champaign","89.710998881875","1.2184343435625","8.7328142534375","0.337752525125"
"276","1960","Clark","84.610852596875","6.14830381249999","9.0295706991875","0.2112728910625"
"277","1960","Clermont","54.514216763125","3.80731297893749","41.02337110125","0.6550991501875"
"278","1960","Clinton","89.21086117","1.435894811125","9.09948516925","0.2537588485625"
"279","1960","Columbiana","54.428070295625","3.981682007","40.080197620625","1.5100500811875"
"280","1960","Coshocton","55.2704053399998","1.7853345239375","41.2067755487501","1.7374845813125"
"281","1960","Crawford","90.110470338125","1.7581635710625","7.82654283999999","0.3048232471875"
"282","1960","Cuyahoga","20.583810699375","51.020863986875","27.302199389375","1.0931259196875"
"283","1960","Darke","94.1827174675","1.020408163625","4.7334762305","0.0633981405625001"
"284","1960","Defiance","87.2454405075","1.1577176321875","10.72973721","0.8671046495"
"285","1960","Delaware","78.23286098875","1.92863362887499","17.320099744375","2.51840563643749"
"286","1960","Erie","72.818081925625","5.02957542306251","17.7212896275","4.4310530250625"
"287","1960","Fairfield","76.26785375625","2.3506453450625","20.607739393125","0.773761507187499"
"288","1960","Fayette","94.99592592625","0.959259259187499","3.900370370375","0.144444444625"
"289","1960","Franklin","62.5585045025","24.8680182774999","11.59082338875","0.982653830687497"
"290","1960","Fulton","91.3311707575","0.982417941000001","7.488298377","0.19811292825"
"291","1960","Gallia","40.4867369943751","1.0203297828125","57.466842485625","1.0260907413125"
"292","1960","Geauga","42.4694257362498","1.547914451125","52.3237179487501","3.6589418648125"
"293","1960","Greene","83.3762624825","5.30604248868752","11.111635131875","0.206059902375"
"294","1960","Guernsey","48.1248287525","1.539238743","49.27989998625","1.05603251425"
"295","1960","Hamilton","22.116705641875","44.1508330875","32.24641917875","1.4860420933125"
"296","1960","Hancock","92.635190128125","1.97246462","5.2437039384375","0.1486413165"
"297","1960","Hardin","93.66506409875","0.7551282049375","5.4653846149375","0.1144230770625"
"298","1960","Harrison","45.0224067031252","2.1767558038125","50.10872759375","2.69210990325"
"299","1960","Henry","93.32815913375","1.0761613201875","4.678696677","0.916982867437499"
"300","1960","Highland","78.508273845","0.9214795591875","19.939703653125","0.630542937562502"
"301","1960","Hocking","36.1299076881248","0.806313749999999","62.5616131950001","0.502165365687503"
"302","1960","Holmes","65.8888841468749","0.607075794062499","32.815522929375","0.688517127812499"
"303","1960","Huron","85.125881779375","1.327535879375","13.1114692275","0.435113111125"
"304","1960","Jackson","44.9278419806251","2.12791063525","52.364980834375","0.5792665488125"
"305","1960","Jefferson","35.6137702475","4.755891016375","57.6991899868751","1.9311487479375"
"306","1960","Knox","70.198309640625","1.080964096625","28.049822303125","0.670903954875"
"307","1960","Lake","39.7330742787501","16.6192885443751","40.2377164625","3.409920717625"
"308","1960","Lawrence","26.6109336224999","2.536370596875","70.2922849431247","0.56041083625"
"309","1960","Licking","70.5452127625","2.4743697775625","26.532107996875","0.448309458625"
"310","1960","Logan","83.500374795625","1.437138130625","13.247324754375","1.8151623241875"
"311","1960","Lorain","68.17862552625","6.51995993331249","24.2344009612501","1.0670135835625"
"312","1960","Lucas","55.575699084375","22.76015581375","16.9436039225","4.7205411799375"
"313","1960","Madison","95.023363280625","1.135894258625","3.605173481875","0.2355689795"
"314","1960","Mahoning","48.0085732162499","13.99144097875","34.037713620625","3.9622721850625"
"315","1960","Marion","91.606321665","2.22691710475","5.81514273800001","0.351618490125"
"316","1960","Medina","71.932226595625","2.82710080462499","24.25944149625","0.981231103000001"
"317","1960","Meigs","37.3521865200001","0.699325078125001","60.951096049375","0.997392347624999"
"318","1960","Mercer","91.040849091875","1.0384282148125","4.33209316512501","3.588629529125"
"319","1960","Miami","89.71584216625","2.8378975266875","7.247497055125","0.198763250625"
"320","1960","Monroe","38.6596918037501","0.6428439494375","59.8867354481249","0.8107287984375"
"321","1960","Montgomery","69.30800093625","19.1103147425","11.038290749375","0.543393580750001"
"322","1960","Morgan","47.5803913737502","0.358685701562501","50.7145104993751","1.34641242799999"
"323","1960","Morrow","81.7624407612499","0.433575237187501","17.51073756125","0.2932464453125"
"324","1960","Muskingum","55.0892953268751","2.8010745934375","40.3723852750002","1.737244806375"
"325","1960","Noble","46.3960370931252","0.728694537312501","51.266549379375","1.6087189883125"
"326","1960","Ottawa","78.233345431875","3.40181974968749","8.8162552186875","9.5485795969375"
"327","1960","Paulding","93.448660714375","0.680443548312501","5.564876152375","0.306019585312499"
"328","1960","Perry","53.8510470256249","2.1229381144375","43.121197939375","0.9048169165"
"329","1960","Pickaway","90.513020586875","1.239516821125","7.8028209280625","0.444641665624999"
"330","1960","Pike","40.47873063375","0.991777656812499","57.8883528125","0.641138896562502"
"331","1960","Portage","49.9620106206249","3.14863118562499","41.850531255","5.03882693606251"
"332","1960","Preble","87.10497651875","0.947066146000004","11.71278221125","0.235175126249999"
"333","1960","Putnam","94.031826108125","0.850772297124999","4.989412057625","0.1279895366875"
"334","1960","Richland","66.611183485","3.3112003665","28.8717614712499","1.2058546825"
"335","1960","Ross","62.237696779375","1.18809208675","35.98212420125","0.592086932499999"
"336","1960","Sandusky","88.160417396875","2.416286149125","7.5755912654375","1.8477051864375"
"337","1960","Scioto","34.75984136375","1.52002546025","62.9710144912501","0.749118683687502"
"338","1960","Seneca","91.038765440625","1.493539093125","7.29662330299999","0.1710721614375"
"339","1960","Shelby","91.02710046875","1.131022326875","7.5194623973125","0.322414806125"
"340","1960","Stark","63.9457267606249","11.03009981625","23.13890622125","1.8852672070625"
"341","1960","Summit","38.4219369331249","21.3743609599999","37.1499655312499","3.0537365731875"
"342","1960","Trumbull","49.0094008537499","6.29648250743747","40.49978181375","4.19433482550001"
"343","1960","Tuscarawas","49.7637175825","4.3763728139375","43.9237137787502","1.93619582675"
"344","1960","Union","91.841879866875","0.963212134625","7.054691385125","0.14021661075"
"345","1960","Van Wert",NA,NA,NA,NA
"346","1960","Vinton","34.135817729375","0.8200535074375","64.5166918687501","0.527436896500001"
"347","1960","Warren","72.20255377125","3.86954138749999","23.083930793125","0.843974047250001"
"348","1960","Washington","43.3133228981251","2.0159769115","53.6492718900001","1.0214283015625"
"349","1960","Wayne","80.5683688475","2.33183905068751","15.44714787","1.6526442305625"
"350","1960","Williams","86.738126458125","1.28820058175","11.514339469375","0.45933348525"
"351","1960","Wood","92.743808801875","2.042026281125","4.5272529351875","0.6869119819375"
"352","1960","Wyandot","90.327988989375","0.64435660575","8.3684935156875","0.659160893249999"
"353","1970","Adams","42.4031614","0.625694644999999","56.40719549","0.563948463"
"354","1970","Allen","88.50077096","3.64725418099999","7.54951962999999","0.302455225000003"
"355","1970","Ashland","65.34132685","1.323454556","32.30020926","1.035009332"
"356","1970","Ashtabula","41.43571259","2.897269358","51.30411127","4.362906791"
"357","1970","Athens","35.2263023100001","1.840781858","62.16434197","0.768573868"
"358","1970","Auglaize","91.03680134","1.807048088","6.12355166","1.032598907"
"359","1970","Belmont","41.28759189","3.132100691","53.74025395","1.840053464"
"360","1970","Brown","70.24502372","0.792292267999997","28.46872402","0.493959994000001"
"361","1970","Butler","65.88797043","11.67530934","21.67171536","0.765004877999999"
"362","1970","Carroll","47.19046755","1.572612351","49.73688986","1.500030243"
"363","1970","Champaign","89.47250281","1.285072952","8.91694725000001","0.325476992"
"364","1970","Clark","83.6745722","6.89882918000001","9.198438907","0.228159711999993"
"365","1970","Clermont","52.45514636","5.12538033800001","41.74798027","0.671493022999996"
"366","1970","Clinton","88.87263792","1.62054642299999","9.190896858","0.315918797"
"367","1970","Columbiana","50.08121278","4.353907237","43.89550623","1.669373759"
"368","1970","Coshocton","48.22848879","1.769384543","48.08387563","1.918251031"
"369","1970","Crawford","89.70041941","1.827441582","8.17855003","0.293588975"
"370","1970","Cuyahoga","16.35484549","52.66974984","29.85600168","1.119402985"
"371","1970","Darke","93.99025883","1.070724148","4.870587288","0.0684297390000008"
"372","1970","Defiance","86.87215942","1.27607505","10.85537816","0.996387367"
"373","1970","Delaware","76.90521427","2.30631201200001","17.93856871","2.849905003"
"374","1970","Erie","70.82203311","5.70466660400001","18.97503039","4.498269896"
"375","1970","Fairfield","74.5373446","2.73322577600001","21.92749359","0.801936035000001"
"376","1970","Fayette","94.83851852","1.037037037","4.005925926","0.118518519"
"377","1970","Franklin","58.7640299899999","28.27292489","11.81402777","1.149017346"
"378","1970","Fulton","91.20156417","1.054627326","7.536437967","0.207370542"
"379","1970","Gallia","35.33387956","1.11634576","62.41806637","1.131708316"
"380","1970","Geauga","35.47205483","1.991019733","58.61396668","3.922958762"
"381","1970","Greene","82.45298352","6.100534014","11.22591131","0.220571162999999"
"382","1970","Guernsey","39.42825829","1.657685633","57.72673303","1.18732304300001"
"383","1970","Hamilton","19.22829582","47.95089155","31.28909676","1.531715873"
"384","1970","Hancock","92.32716915","2.10245512500001","5.40760501","0.162770719000001"
"385","1970","Hardin","93.33333333","0.774358973999998","5.779487179","0.112820513"
"386","1970","Harrison","37.60799295","1.974728181","57.4551866","2.962092272"
"387","1970","Henry","93.17005864","1.149821778","4.720018397","0.960101184"
"388","1970","Highland","77.59030932","1.029634437","20.57105775","0.808998486"
"389","1970","Hocking","27.04997436","0.87754288","71.47415807","0.598324691"
"390","1970","Holmes","61.13576875","0.63730511","37.48150677","0.74541937"
"391","1970","Huron","83.90659207","1.44003892000001","14.21065434","0.442714668000001"
"392","1970","Jackson","36.51238629","2.294181589","60.5641055","0.629326621"
"393","1970","Jefferson","31.20471281","4.842415317","61.83210604","2.120765832"
"394","1970","Knox","66.0606889","1.211955531","32.01658465","0.710770912999999"
"395","1970","Lake","31.20175256","20.70728145","44.64844565","3.442520342"
"396","1970","Lawrence","19.08433226","2.71954375","77.54660189","0.6495221"
"397","1970","Licking","65.57825995","2.847412401","31.124921","0.449406643"
"398","1970","Logan","82.93010753","1.514681555","13.73035567","1.824855252"
"399","1970","Lorain","64.08189192","7.69569041299999","27.12791948","1.094498192"
"400","1970","Lucas","54.5214246","23.38619922","17.27184196","4.820534224"
"401","1970","Madison","94.80070219","1.239157373","3.72779843","0.232342007"
"402","1970","Mahoning","44.04133311","14.92647476","36.93862488","4.093567251"
"403","1970","Marion","91.05948399","2.394887721","6.17534639300001","0.370281892"
"404","1970","Medina","66.74082948","3.36014604399998","28.83222089","1.066803583"
"405","1970","Meigs","33.46162427","0.73070058","64.74230254","1.065372602"
"406","1970","Mercer","90.82105907","1.095764742","4.510473472","3.572702716"
"407","1970","Miami","89.10482921","3.20965842199999","7.449941107","0.23557126"
"408","1970","Monroe","29.55301071","0.680774711","68.90601087","0.860203705"
"409","1970","Montgomery","67.24836398","21.09691493","11.06263634","0.592084761999999"
"410","1970","Morgan","39.07993363","0.389082795","59.01470504","1.516278538"
"411","1970","Morrow","79.28909953","0.479857819999999","19.89336493","0.337677724999999"
"412","1970","Muskingum","48.10735173","2.999533565","46.89462165","1.998493057"
"413","1970","Noble","38.31703244","0.805104962000001","59.14241412","1.735448473"
"414","1970","Ottawa","77.70012706","3.92085677999999","8.685786894","9.693229261"
"415","1970","Paulding","93.45046083","0.720046083","5.483870968","0.345622120000002"
"416","1970","Perry","46.57229761","2.000467946","50.40360318","1.023631259"
"417","1970","Pickaway","90.16010674","1.486705423","7.838559039","0.514628799999997"
"418","1970","Pike","34.50394129","1.136178309","63.6151128","0.7447676"
"419","1970","Portage","45.03685268","3.92935771","45.45802623","5.575763377"
"420","1970","Preble","86.7141968","1.120353081","11.88253268","0.282917445000001"
"421","1970","Putnam","94.14549078","0.906826109000001","4.843049327","0.104633782000001"
"422","1970","Richland","62.93240701","3.81627828399999","31.97761374","1.27370097"
"423","1970","Ross","57.98969072","1.316522708","39.96238507","0.731401505000001"
"424","1970","Sandusky","87.62439995","2.65776841100001","7.756702962","1.961128673"
"425","1970","Scioto","27.21112417","1.641206424","70.30552291","0.842146494"
"426","1970","Seneca","90.6185882","1.58903392","7.60902780800001","0.183350067999999"
"427","1970","Shelby","90.62867215","1.292596945","7.737955347","0.340775558000001"
"428","1970","Stark","59.58411312","12.43501768","25.95134124","2.029527968"
"429","1970","Summit","32.40852433","24.1369406600001","40.3182262","3.136308806"
"430","1970","Trumbull","43.21924566","7.34233892399999","44.61561812","4.822797298"
"431","1970","Tuscarawas","43.72729577","4.359212638","49.74233336","2.171158233"
"432","1970","Union","91.31347737","1.072000884","7.470851522","0.143670222000001"
"433","1970","Van Wert",NA,NA,NA,NA
"434","1970","Vinton","24.94474817","0.849133419","73.6187042","0.587414214"
"435","1970","Warren","71.04343189","5.14901937499999","22.89506429","0.912484445999993"
"436","1970","Washington","37.12981477","2.169238314","59.54276229","1.15818463"
"437","1970","Wayne","78.16181566","2.681046431","17.46794872","1.689189189"
"438","1970","Williams","86.11095273","1.39688693799999","12.01322766","0.478932663999998"
"439","1970","Wood","92.34896198","2.30930720800001","4.614726693","0.727004121"
"440","1970","Wyandot","90.03375378","0.657310357","8.622016936","0.686918932000001"
"441","1980","Adams","41.7669886181818","0.745444815909092","56.90303604","0.584530523454545"
"442","1980","Allen","86.2175305418182","4.77404815554544","8.51457284272726","0.493848460000002"
"443","1980","Ashland","64.5983618772727","1.50855309509091","32.8529340645455","1.04015095790909"
"444","1980","Ashtabula","40.6814085718182","3.203318938","51.7430914745454","4.37218102054545"
"445","1980","Athens","32.634198519091","1.95938893618182","64.6098042790909","0.796608268454546"
"446","1980","Auglaize","89.66145819","2.18090128663637","7.07046450590909","1.08717601654545"
"447","1980","Belmont","40.0522489309091","3.30828894918182","54.75283015","1.886631969"
"448","1980","Brown","69.0823726109091","0.972358692545448","29.34682572","0.598442981272726"
"449","1980","Butler","64.4387085936364","13.5493145763637","21.1419529827273","0.870023851181816"
"450","1980","Carroll","44.8342983454546","1.53412183872727","52.0875604190909","1.54401939936364"
"451","1980","Champaign","88.5644322009091","1.58606264700001","9.47811447727274","0.371390674272726"
"452","1980","Clark","81.5458093409091","8.14879506545455","9.60508719927272","0.700308397909083"
"453","1980","Clermont","50.3257313418182","6.22943314163638","42.4228116836364","1.02202382663636"
"454","1980","Clinton","88.1466629063636","1.97954505572727","9.50202900709091","0.371763028818181"
"455","1980","Columbiana","49.5931157845454","4.71690374245455","43.9836918209091","1.70628865809091"
"456","1980","Coshocton","45.9877581445454","1.75198456390909","50.2472730345455","2.012984251"
"457","1980","Crawford","88.3986055872728","2.11885178927273","9.11269677090911","0.369845851818182"
"458","1980","Cuyahoga","12.7333881163636","56.21954249","29.9228887572727","1.12418063318182"
"459","1980","Darke","93.3388955390909","1.28845513481818","5.26213713027272","0.110512198545454"
"460","1980","Defiance","86.5304954927273","1.44293417818182","11.0036973872727","1.02287294336364"
"461","1980","Delaware","74.5422879836364","3.0043948029091","19.4858656190909","2.96745158981818"
"462","1980","Erie","69.0876784327273","6.40606003900001","19.9229742445455","4.58328728236364"
"463","1980","Fairfield","72.8312353909091","3.62618306054546","22.6845660718182","0.858015478181819"
"464","1980","Fayette","94.4075420881818","1.24983164972727","4.19447811463636","0.148148148545455"
"465","1980","Franklin","51.3613576854545","34.7157301218181","12.5944238972727","1.32848829009091"
"466","1980","Fulton","91.1261566972727","1.35625720418182","7.24288746018182","0.274698639727273"
"467","1980","Gallia","34.7077390054545","1.23040110227273","62.90454732","1.15731257645455"
"468","1980","Geauga","33.6647223754545","2.84231897118181","59.5377740527273","3.95518460063636"
"469","1980","Greene","79.6958439790909","8.54106423036365","11.4580914827273","0.305000316636363"
"470","1980","Guernsey","36.72772109","1.75109391436364","59.9415471709091","1.57963782481819"
"471","1980","Hamilton","17.6391804609091","50.6189046272727","30.2128564236364","1.52905848936364"
"472","1980","Hancock","91.1248854272727","2.58953417136364","5.93578777363636","0.349792631727276"
"473","1980","Hardin","92.4405594390909","0.874592074454544","6.53939393899998","0.145454545727273"
"474","1980","Harrison","36.0078006045454","1.73429861372728","59.2210082","3.03689258154546"
"475","1980","Henry","92.9845192172727","1.27525688072727","4.76444332927273","0.975780572181818"
"476","1980","Highland","76.6818083472727","1.15942029018182","21.2337521863636","0.925019172818182"
"477","1980","Hocking","24.2318909645454","0.921575433181818","74.2015862063636","0.64494739418182"
"478","1980","Holmes","60.8745357318182","0.696793817272727","37.6599728927273","0.768697559545454"
"479","1980","Huron","81.46967117","1.77616594045455","16.2473187218182","0.506844165272728"
"480","1980","Jackson","34.4111635263637","2.37999885536363","62.5587068136363","0.650130806454545"
"481","1980","Jefferson","30.2782166281818","4.94149149836364","62.5765162672727","2.20377560563637"
"482","1980","Knox","64.9630531681818","1.375565386","32.8843381863636","0.777043259363635"
"483","1980","Lake","26.2845437509092","24.306279990909","45.9856229727273","3.42355328790909"
"484","1980","Lawrence","17.6297484009091","2.88036407772727","78.7995602627273","0.690327257727272"
"485","1980","Licking","62.7295708272727","3.48896591781819","33.3129057590909","0.468557494363636"
"486","1980","Logan","81.8069027754545","1.86950146636363","14.4141476836363","1.90944807881818"
"487","1980","Lorain","60.8414843245454","9.01050967072726","29.0446239027273","1.10338210609091"
"488","1980","Lucas","52.2543886272727","25.0746193154545","17.7429554327273","4.92803662672727"
"489","1980","Madison","94.0543914990909","1.63343471890909","4.00942510590909","0.302748676090909"
"490","1980","Mahoning","42.5470855736363","15.7729569554546","37.5786480027273","4.10130946645454"
"491","1980","Marion","89.5419797581818","2.90796160372729","7.09833644618183","0.451722190636366"
"492","1980","Medina","63.5953925709091","4.69040914036361","30.611091230909","1.10310705936364"
"493","1980","Meigs","32.9570808472727","0.766196097272727","65.1834611172727","1.093261937"
"494","1980","Mercer","90.1677701518182","1.31584434109091","4.90430012336363","3.61208538145454"
"495","1980","Miami","87.7047863781818","4.10911232472725","7.8514830279091","0.334618267272727"
"496","1980","Monroe","27.1326383236364","0.747940644636364","71.2256343563636","0.893786671363636"
"497","1980","Montgomery","62.0640811390911","25.6461467300001","11.5749265809091","0.71484555790909"
"498","1980","Morgan","36.8328244390909","0.409889361363637","61.1915920672727","1.56569413345455"
"499","1980","Morrow","77.5495476118182","0.614498061363637","21.4147996572728","0.421154674545456"
"500","1980","Muskingum","46.0915712345455","3.15283726","48.6967555090908","2.05883600063636"
"501","1980","Noble","36.1294240081818","0.959620055636364","61.1185808472728","1.79237508663636"
"502","1980","Ottawa","76.6233766190909","4.5149259890909","8.84668063809091","10.0150167514545"
"503","1980","Paulding","93.2488479254546","0.832635106636364","5.44983242572727","0.46868454136364"
"504","1980","Perry","44.6925383918182","1.952609861","52.2700684890909","1.08478325627273"
"505","1980","Pickaway","89.40419154","1.88523951072727","7.95985202218182","0.750716928181816"
"506","1980","Pike","33.3771528854546","1.20289604354545","64.6356470363637","0.784304035454546"
"507","1980","Portage","43.5966828209091","4.61028394409092","46.2042169572727","5.58881627609091"
"508","1980","Preble","86.09949435","1.48814575918182","12.0702869845455","0.342072910454547"
"509","1980","Putnam","94.1251075754545","1.05856774036364","4.64148208518182","0.174842596545455"
"510","1980","Richland","61.4345802827273","4.82506348763636","32.4513041854545","1.28905204909091"
"511","1980","Ross","56.5474682745455","1.40992679618182","41.2130499790909","0.829554953636364"
"512","1980","Sandusky","86.9378718681818","3.03828591509092","7.91902161745455","2.10482059754546"
"513","1980","Scioto","25.6532421745454","1.76227611036364","71.7120677963636","0.872413915818181"
"514","1980","Seneca","89.5688892227273","1.83111950727272","8.32933164527273","0.27065962390909"
"515","1980","Shelby","89.6298472363636","1.69853648136365","8.2667450060909","0.404871274363638"
"516","1980","Stark","57.039641579091","14.82636723","26.0590937490909","2.07489744572727"
"517","1980","Summit","28.5338304663636","27.4241640918182","40.8926417363636","3.14936370418182"
"518","1980","Trumbull","40.3337081872727","8.50310803263636","46.3265883381819","4.83659544527273"
"519","1980","Tuscarawas","42.0645587427273","4.247851498","51.4377107190909","2.24987903890909"
"520","1980","Union","89.9395680836363","1.51406310445455","8.33990565972726","0.206463150636365"
"521","1980","Van Wert",NA,NA,NA,NA
"522","1980","Vinton","22.2799708154546","0.886144215363636","76.2279653590909","0.605919612181818"
"523","1980","Warren","69.5432729854546","6.26942530681816","22.9004508581818","1.286850851"
"524","1980","Washington","35.68079787","2.28241596536364","60.8374460263636","1.19934013954545"
"525","1980","Wayne","77.4353461827273","3.14567189554546","17.7101052109091","1.708876709"
"526","1980","Williams","85.1779670209091","1.77526447572727","12.4745372645455","0.57223123490909"
"527","1980","Wood","91.4600872254545","3.00556297754545","4.761399863","0.772949933272727"
"528","1980","Wyandot","89.5707833390909","0.762286212454544","8.89118579645454","0.775744655636363"
"529","1990","Adams","41.1308158363636","0.865194986818182","57.39887659","0.605112583909091"
"530","1990","Allen","83.9342901236363","5.90084213009089","9.47962605545453","0.685241695000002"
"531","1990","Ashland","63.8553969045454","1.69365163418182","33.4056588690909","1.04529258381818"
"532","1990","Ashtabula","39.9271045536364","3.509368518","52.1820716790909","4.38145525009091"
"533","1990","Athens","30.0420947281818","2.07799601436364","67.0552665881818","0.824642668909091"
"534","1990","Auglaize","88.28611504","2.55475448527274","8.01737735181817","1.14175312609091"
"535","1990","Belmont","38.8169059718182","3.48447720736364","55.76540635","1.933210474"
"536","1990","Brown","67.9197215018181","1.15242511709091","30.22492742","0.702925968545454"
"537","1990","Butler","62.9894467572727","15.4233198127273","20.6121906054546","0.975042824363634"
"538","1990","Carroll","42.4781291409091","1.49563132645455","54.4382309781818","1.58800855572727"
"539","1990","Champaign","87.6563615918182","1.887052342","10.0392817045455","0.417304356545454"
"540","1990","Clark","79.4170464818181","9.39876095090909","10.0117354915455","1.17245708381817"
"541","1990","Clermont","48.1963163236364","7.33348594527274","43.0976430972727","1.37255463027272"
"542","1990","Clinton","87.4206878927273","2.33854368845455","9.81316115618182","0.427607260636362"
"543","1990","Columbiana","49.1050187890909","5.07990024790909","44.0718774118182","1.74320355718182"
"544","1990","Coshocton","43.7470274990908","1.73458458481818","52.4106704390909","2.107717471"
"545","1990","Crawford","87.0967917645455","2.41026199654546","10.0468435118182","0.446102728636363"
"546","1990","Cuyahoga","9.11193074272728","59.7693351400001","29.9897758345455","1.12895828136364"
"547","1990","Darke","92.6875322481818","1.50618612163636","5.65368697254544","0.152594658090909"
"548","1990","Defiance","86.1888315654546","1.60979330636364","11.1520166145455","1.04935851972727"
"549","1990","Delaware","72.1793616972727","3.7024775938182","21.0331625281818","3.08499817663636"
"550","1990","Erie","67.3533237554545","7.10745347400001","20.8709180990909","4.66830466872727"
"551","1990","Fairfield","71.1251261818182","4.5191403450909","23.4416385536364","0.914094921363638"
"552","1990","Fayette","93.9765656563636","1.46262626245454","4.38303030327273","0.177777778090909"
"553","1990","Franklin","43.9586853809092","41.1585353536364","13.3748200245455","1.50795923418183"
"554","1990","Fulton","91.0507492245455","1.65788708236364","6.94933695336363","0.342026737454544"
"555","1990","Gallia","34.0815984509091","1.34445644454545","63.39102827","1.18291683690909"
"556","1990","Geauga","31.8573899209091","3.69361820936365","60.4615814254545","3.98741043927273"
"557","1990","Greene","76.9387044381818","10.9815944467273","11.6902716554546","0.389429470272727"
"558","1990","Guernsey","34.0271838900001","1.84450219572727","62.1563613118182","1.97195260663638"
"559","1990","Hamilton","16.0500651018182","53.2869177045455","29.1366160872727","1.52640110572727"
"560","1990","Hancock","89.9226017045455","3.07661321772727","6.46397053727273","0.53681454445455"
"561","1990","Hardin","91.5477855481818","0.974825174909089","7.29930069899999","0.178088578454545"
"562","1990","Harrison","34.4076082590909","1.49386904645455","60.9868298","3.11169289109091"
"563","1990","Henry","92.7989797945454","1.40069198345455","4.80886826154545","0.991459960363636"
"564","1990","Highland","75.7733073745454","1.28920614336363","21.8964466227273","1.04103985963636"
"565","1990","Hocking","21.4138075690909","0.965607986363636","76.9290143427273","0.691570097363638"
"566","1990","Holmes","60.6133027136364","0.756282524545455","37.8384390154545","0.791975749090909"
"567","1990","Huron","79.03275027","2.11229296090909","18.2839831036363","0.570973662545455"
"568","1990","Jackson","32.3099407627273","2.46581612172727","64.5533081272727","0.670934991909091"
"569","1990","Jefferson","29.3517204463636","5.04056767972727","63.3209264945454","2.28678537927273"
"570","1990","Knox","63.8654174363636","1.539175241","33.7520917227273","0.843315605727271"
"571","1990","Lake","21.3673349418183","27.9052785318181","47.3228002954546","3.40458623381818"
"572","1990","Lawrence","16.1751645418182","3.04118440545454","80.0525186354545","0.731132415454546"
"573","1990","Licking","59.8808817045455","4.13051943463637","35.5008905181818","0.487708345727273"
"574","1990","Logan","80.683698020909","2.22432137772726","15.0979396972727","1.99404090563637"
"575","1990","Lorain","57.6010767290909","10.3253289284545","30.9613283254546","1.11226602018182"
"576","1990","Lucas","49.9873526545455","26.7630394109091","18.2140689054546","5.03553902945454"
"577","1990","Madison","93.3080808081818","2.02771206481818","4.29105178181818","0.373155345181818"
"578","1990","Mahoning","41.0528380372727","16.6194391509091","38.2186711254546","4.10905168190909"
"579","1990","Marion","88.0244755263636","3.42103548645456","8.02132649936362","0.533162489272728"
"580","1990","Medina","60.4499556618182","6.02067223672725","32.3899615718182","1.13941053572727"
"581","1990","Meigs","32.4525374245454","0.801691614545454","65.6246196945454","1.121151272"
"582","1990","Mercer","89.5144812336364","1.53592394018182","5.29812677472727","3.65146804690909"
"583","1990","Miami","86.3047435463636","5.00856622745454","8.25302494881818","0.433665274545454"
"584","1990","Monroe","24.7122659372728","0.815106578272728","73.5452578427273","0.927369637727272"
"585","1990","Montgomery","56.8797982981819","30.1953785300001","12.0872168218182","0.837606353818181"
"586","1990","Morgan","34.5857152481818","0.430695927727273","63.3684790945454","1.61510972890909"
"587","1990","Morrow","75.8099956936363","0.749138302727271","22.9362343845455","0.504631624090909"
"588","1990","Muskingum","44.0757907390909","3.306140955","50.4988893681818","2.11917894427273"
"589","1990","Noble","33.9418155763636","1.11413514927273","63.0947475745455","1.84930170027273"
"590","1990","Ottawa","75.5466261781818","5.10899519818182","9.00757438218182","10.3368042419091"
"591","1990","Paulding","93.0472350209091","0.945224130272727","5.41579388345454","0.591746962727274"
"592","1990","Perry","42.8127791736364","1.904751776","54.1365337981818","1.14593525354545"
"593","1990","Pickaway","88.64827634","2.28377359845454","8.08114500536364","0.986805056363636"
"594","1990","Pike","32.2503644809091","1.26961377809091","65.6561812727273","0.823840470909091"
"595","1990","Portage","42.1565129618181","5.29121017818181","46.9504076845454","5.60186917518182"
"596","1990","Preble","85.4847919","1.85593843736363","12.2580412890909","0.401228375909092"
"597","1990","Putnam","94.1047243709091","1.21030937172727","4.43991484336364","0.245051411090909"
"598","1990","Richland","59.9367535554546","5.83384869127272","32.9249946309091","1.30440312818182"
"599","1990","Ross","55.1052458290909","1.50333088436363","42.4637148881818","0.927708402272728"
"600","1990","Sandusky","86.2513437863636","3.41880341918183","8.0813402729091","2.24851252209091"
"601","1990","Scioto","24.0953601790909","1.88334579672727","73.1186126827272","0.902681337636363"
"602","1990","Seneca","88.5191902454545","2.07320509454545","9.04963548254548","0.357969179818181"
"603","1990","Shelby","88.6310223227273","2.10447601772728","8.7955346651818","0.468966990727274"
"604","1990","Stark","54.4951700381819","17.21771678","26.1668462581818","2.12026692345455"
"605","1990","Summit","24.6591366027272","30.7113875236364","41.4670572727273","3.16241860236364"
"606","1990","Trumbull","37.4481707145454","9.66387714127274","48.0375585563636","4.85039359254545"
"607","1990","Tuscarawas","40.4018217154546","4.136490358","53.1330880781819","2.32859984481818"
"608","1990","Union","88.5656587972727","1.9561253249091","9.20895979745455","0.269256079272729"
"609","1990","Van Wert",NA,NA,NA,NA
"610","1990","Vinton","19.6151934609092","0.923155011727273","78.8372265181819","0.624425010363636"
"611","1990","Warren","68.0431140809091","7.38983123863633","22.9058374263636","1.661217256"
"612","1990","Washington","34.23178097","2.39559361672727","62.1321297627272","1.24049564909091"
"613","1990","Wayne","76.7088767054545","3.61029736009091","17.9522617018182","1.728564229"
"614","1990","Williams","84.2449813118182","2.15364201345454","12.9358468690909","0.665529805818181"
"615","1990","Wood","90.5712124709091","3.70181874709093","4.908073033","0.818895745545454"
"616","1990","Wyandot","89.1078128981818","0.867262067909092","9.16035465690909","0.864570379272728"
"617","2000","Adams","37.2225543866667","2.31331645633333","59.3598531833333","1.10427597366667"
"618","2000","Allen","79.7035402766667","9.87760362000006","9.25402690133335","1.16482920333334"
"619","2000","Ashland","61.30221807","3.77839146133334","33.7515910733333","1.16779938766666"
"620","2000","Ashtabula","37.6990859066667","5.66599794166666","52.3166449166667","4.31827123633333"
"621","2000","Athens","25.0854660533332","4.01929402866665","69.7166081366668","1.17863178066666"
"622","2000","Auglaize","85.7892582133334","4.7558707236667","8.009863888","1.44500717799998"
"623","2000","Belmont","35.0329738433333","5.39129408999997","56.8584698166667","2.71726225166668"
"624","2000","Brown","62.86623229","2.94202303200001","33.15069047","1.04105421233334"
"625","2000","Butler","56.5847698499999","21.2140486033334","20.9319480533333","1.26923349333333"
"626","2000","Carroll","39.2919703666666","3.36720101999998","55.33977974","2.00104887333333"
"627","2000","Champaign","85.1227299233334","3.36992825533332","10.8132767466667","0.694065073000004"
"628","2000","Clark","76.0548160533333","11.9781140453333","10.24664337","1.72042653933333"
"629","2000","Clermont","41.8378247399999","10.6159837206666","45.77117929","1.77501224566666"
"630","2000","Clinton","83.6754786033333","4.15788306266666","11.6265345873333","0.540103746666666"
"631","2000","Columbiana","45.6829825133334","7.3604055093333","44.9906557","1.96595628199999"
"632","2000","Coshocton","39.5235185366666","3.33721461433333","54.9571756833333","2.18209116166667"
"633","2000","Crawford","84.6043072433333","4.52626994833327","10.27681324","0.592609568666667"
"634","2000","Cuyahoga","6.09588052533343","65.9949520966668","26.6001900033333","1.30897737233334"
"635","2000","Darke","90.3315605399999","3.43472353766663","5.86322579933333","0.370490121333333"
"636","2000","Defiance","83.3523819766666","3.74788052733334","11.4772410733333","1.42249642733334"
"637","2000","Delaware","67.0412133700002","8.91228609133327","20.5564090133333","3.49009152299999"
"638","2000","Erie","63.3661957966667","10.4737198573333","20.5326548833334","5.62742945800002"
"639","2000","Fairfield","67.2369862200001","7.34425714133329","24.2458185333333","1.172938103"
"640","2000","Fayette","92.01128032","3.05604433600001","4.66268047966668","0.269994865666664"
"641","2000","Franklin","36.5825041333333","49.2050107966666","12.264446017","1.94803904766667"
"642","2000","Fulton","88.3840006633334","3.89521934933327","7.18745010666666","0.533329878000004"
"643","2000","Gallia","30.6047303866667","3.12212572866667","64.36836619","1.90477769699999"
"644","2000","Geauga","29.2800395799999","7.94314769799996","58.83841861","3.938394107"
"645","2000","Greene","72.1016901433334","14.5802503","12.5818099833333","0.736249579000003"
"646","2000","Guernsey","30.6614541333333","3.93988485233342","62.95199862","2.446662398"
"647","2000","Hamilton","13.3007153073332","54.5457277766667","30.1575804633333","1.99597645366666"
"648","2000","Hancock","86.9205013433333","5.64214864799987","6.59313087133333","0.84421913733334"
"649","2000","Hardin","89.38584523","2.67245371866665","7.523166433","0.418534618333332"
"650","2000","Harrison","31.3661452133333","3.09548911299999","61.8406977166667","3.69766795666663"
"651","2000","Henry","90.6207974466666","3.401962384","4.86760134333333","1.10963882633333"
"652","2000","Highland","70.4836110499998","2.78149413366668","25.3876060233333","1.347288793"
"653","2000","Hocking","17.8930023133333","2.64034406100001","78.41291179","1.05374183166666"
"654","2000","Holmes","57.5303419066666","2.75641419933334","38.8574971166667","0.855746778333332"
"655","2000","Huron","76.5061656266666","4.09839366799997","18.5786210933333","0.816819609666666"
"656","2000","Jackson","28.8826764433334","3.883367475","65.17480766","2.05914842499999"
"657","2000","Jefferson","26.33446121","6.75430097733329","64.3067989966667","2.604438817"
"658","2000","Knox","61.3301731466668","3.42882448233337","34.2107909366667","1.03021143966667"
"659","2000","Lake","17.97997407","35.0049279766665","43.2050997699998","3.80999818766668"
"660","2000","Lawrence","13.8457331756667","4.96357393366662","80.0667421966667","1.12395069433332"
"661","2000","Licking","56.3731743833334","6.71417288533337","36.0827621666667","0.829890566999993"
"662","2000","Logan","77.7960128533333","4.39569441366666","15.4862922433333","2.32200049266667"
"663","2000","Lorain","52.2566656433332","15.9925182100001","30.5155428","1.23527335033334"
"664","2000","Lucas","44.2710470066668","33.1048462766666","16.7985264166667","5.82558030233332"
"665","2000","Madison","91.5969157366666","3.39489893133333","4.52812069333334","0.480064638666668"
"666","2000","Mahoning","37.99192251","20.57753011","37.0980455033334","4.33250187199999"
"667","2000","Marion","85.3026693866667","5.66639820533328","8.12689174","0.904040669666671"
"668","2000","Medina","54.6591787466666","11.1345389806665","32.9352579166667","1.27102436133333"
"669","2000","Meigs","28.2133976399998","2.63264047066667","67.3498313133333","1.80413058033332"
"670","2000","Mercer","87.1781098333333","3.59611961566668","5.33542892466667","3.89034162466667"
"671","2000","Miami","82.7416991666668","7.7643195986667","8.61197798866665","0.882003244000003"
"672","2000","Monroe","21.2121756133333","2.61283424233335","75.0444318433334","1.13055829966667"
"673","2000","Montgomery","50.7839579766667","35.5811774599999","12.47719971","1.15766485333333"
"674","2000","Morgan","29.5566357133334","2.10352556666663","66.3668550233334","1.97298369433334"
"675","2000","Morrow","72.7983462633333","2.55364169833337","24.00936273","0.638649311999998"
"676","2000","Muskingum","38.72452729","5.25809743733333","53.2244655833333","2.79290969533332"
"677","2000","Noble","28.6387405066669","2.77996582766667","65.5744333866667","3.00686028133333"
"678","2000","Ottawa","70.3292888766669","8.2192954366667","7.43273717200003","14.0186785133334"
"679","2000","Paulding","90.5180181866667","2.89230569599999","5.56156831333334","1.02810780366667"
"680","2000","Perry","38.5633337100001","3.31566385133334","56.50675145","1.61425099033332"
"681","2000","Pickaway","86.5356336766666","3.87640978633334","8.35963926166666","1.228317275"
"682","2000","Pike","29.5045524033334","2.78772723933326","65.3311103266667","2.37661003400001"
"683","2000","Portage","39.0892723566666","9.16136755999992","45.9720096566667","5.77735042566667"
"684","2000","Preble","82.2663727133333","3.60029189866668","13.5082954466666","0.625039944333331"
"685","2000","Putnam","91.9937535966667","3.29687959066661","4.192289759","0.517077051333331"
"686","2000","Richland","56.7170683099999","8.52441263466676","33.37907231","1.37944674866667"
"687","2000","Ross","51.07119846","3.16437250033334","44.2116875066666","1.55274153566666"
"688","2000","Sandusky","82.7729047466667","5.73891806333324","7.99220185366666","3.49597533833332"
"689","2000","Scioto","22.08498433","3.62896416733338","72.30951845","1.97653304866662"
"690","2000","Seneca","86.2233968866667","3.99745710399998","9.145508327","0.633637685666663"
"691","2000","Shelby","85.6832518533333","4.19484795266669","9.24493765433333","0.876962536000008"
"692","2000","Stark","49.3843316866667","21.9732102533333","26.2134123666667","2.42904569366668"
"693","2000","Summit","18.7444421493333","39.5297266","38.4773963266666","3.24843492566666"
"694","2000","Trumbull","34.89586323","12.7580296586667","47.3752772133333","4.97082990066666"
"695","2000","Tuscarawas","37.1067321866667","6.31492490000005","53.67757466","2.90076825"
"696","2000","Union","85.69252604","4.29239187633334","9.508355789","0.50672629266667"
"697","2000","Van Wert",NA,NA,NA,NA
"698","2000","Vinton","16.4847874333333","2.12796734699998","79.5132638933333","1.87398132533338"
"699","2000","Warren","59.6180402566667","13.0520155266665","25.2996730166667","2.03027120200001"
"700","2000","Washington","29.9448918000001","4.44591904366666","63.8441522133334","1.76503693933331"
"701","2000","Wayne","73.4109622466666","6.40568859866664","18.5413067266667","1.642042427"
"702","2000","Williams","81.6757502199999","4.18775372999994","13.1711978766667","0.965298172666664"
"703","2000","Wood","86.8348737766667","7.09268602399993","4.95712297133333","1.11531722333332"
"704","2000","Wyandot","86.4513655233333","2.78090269466662","9.39892895066667","1.36880283233333"
"705","2010","Adams","32.49627077","4.09353075050001","61.6871137875","1.72308469575"
"706","2010","Allen","74.9859130724999","14.56685698875","8.73076465550001","1.71646528000001"
"707","2010","Ashland","58.29648577","6.33804161049994","34.0458251275","1.319647486"
"708","2010","Ashtabula","35.1026386025001","8.28527232625004","52.3751164125","4.23697266175"
"709","2010","Athens","19.5377061574998","6.41626477699998","72.4319194950001","1.61410957024999"
"710","2010","Auglaize","83.0120229675","7.41380272200001","7.76374384675","1.81043046549999"
"711","2010","Belmont","30.6118944225","7.73076812874996","57.9716551","3.68568234750001"
"712","2010","Brown","56.8400335525","5.13400381949998","36.5883688575","1.43759377025"
"713","2010","Butler","48.941239175","27.9839582825","21.4640854575","1.61071708625001"
"714","2010","Carroll","35.8983142","5.71628576500001","55.8790480525","2.50635198124999"
"715","2010","Champaign","82.18270799","5.14827572324998","11.6404787425","1.02853754800002"
"716","2010","Clark","72.3842187324999","14.8898139419999","10.438616145","2.28735118725"
"717","2010","Clermont","34.4220640149999","14.443092739","48.9443916775","2.19045156399999"
"718","2010","Clinton","79.175460745","6.34230762224996","13.8154683389999","0.666763296249997"
"719","2010","Columbiana","41.5274614175","10.1202879597499","46.1170821625","2.23516846325"
"720","2010","Coshocton","34.804314995","5.34485214599999","57.5994578875","2.25137497"
"721","2010","Crawford","81.8141550475","7.09842733624998","10.330738715","0.756678899500002"
"722","2010","Cuyahoga","3.2311820970001","72.88952513","22.3464859449999","1.53280682400001"
"723","2010","Darke","87.5494367274999","5.79096256099996","6.02726187224999","0.632338835500001"
"724","2010","Defiance","79.8922359725","6.37877477150005","11.84669184","1.88229741775001"
"725","2010","Delaware","61.2092595325003","15.2500260155","19.5736428925","3.96707155924999"
"726","2010","Erie","58.8158745175001","14.50620447775","19.8728399","6.80508109800002"
"727","2010","Fairfield","62.8033385700001","10.6524138155","25.0617753875","1.48247221925"
"728","2010","Fayette","89.6624177575","4.99461827475","4.965105153","0.377858817749999"
"729","2010","Franklin","29.2129456499999","57.6524037924999","10.68137947575","2.45327107850001"
"730","2010","Fulton","85.06941683","6.61647721349993","7.558479175","0.755626779250001"
"731","2010","Gallia","26.415180445","5.31569849825001","65.4684183525","2.800702707"
"732","2010","Geauga","26.5101847674999","13.04223474925","56.5785132475","3.869067232"
"733","2010","Greene","66.74470716","18.4684375625001","13.63818785","1.14866742650001"
"734","2010","Guernsey","27.1294262375001","6.53576110275003","63.39284172","2.94197094175"
"735","2010","Hamilton","10.261306904","55.4522370975","31.7028460175","2.5836099845"
"736","2010","Hancock","83.4684468224999","8.72729817424988","6.622535598","1.18171940025"
"737","2010","Hardin","86.906613305","4.76943112325","7.6130219105","0.710933660000002"
"738","2010","Harrison","27.9643644925","5.15762158799998","62.4665772125","4.41143671124999"
"739","2010","Henry","87.9444543675","5.87219160899997","4.9299114625","1.25344256175"
"740","2010","Highland","64.0986158874998","4.61440765825","29.585881665","1.70109478800001"
"741","2010","Hocking","14.1965165925001","4.72275601600001","79.585926565","1.49480082374998"
"742","2010","Holmes","53.7419491525","5.24170661599999","40.0867032125","0.9296410175"
"743","2010","Huron","73.9571650475","6.49698779674998","18.437752485","1.10809466925"
"744","2010","Jackson","25.123901735","5.63385234999998","65.4530317475","3.78921417000004"
"745","2010","Jefferson","22.79451121","8.87169855399998","65.3530370675","2.98075317075001"
"746","2010","Knox","58.4355267175","5.74998357025004","34.56722657","1.2472631455"
"747","2010","Lake","14.9750751824999","42.9797401475","37.7236797824999","4.32150489350001"
"748","2010","Lawrence","11.29758993275","7.32635576199999","79.771282055","1.60477225349999"
"749","2010","Licking","52.7007125125001","9.78335131949996","36.2631055375","1.25283063075"
"750","2010","Logan","74.4672075825","7.02120573075001","15.8007849225","2.71080176975001"
"751","2010","Lorain","46.3862536849999","22.7477999975001","29.4791347875","1.3868115345"
"752","2010","Lucas","37.69242394","40.6099998350001","14.9113199375","6.78625629275001"
"753","2010","Madison","89.64453707","5.00531317799999","4.75405016375","0.596099588250002"
"754","2010","Mahoning","34.539339985","25.3135232599999","35.5372576950001","4.60987905575"
"755","2010","Marion","82.2797877700001","8.34483313324995","8.0281007775","1.34727832050001"
"756","2010","Medina","48.20706683","17.1943066365","33.1721607625","1.42646577425"
"757","2010","Meigs","23.0406087649999","4.91245266150003","69.3960561925","2.65088238199999"
"758","2010","Mercer","84.4209678125","6.11634431024999","5.28359994925","4.1790879305"
"759","2010","Miami","78.6379044000001","10.984147837","8.96028380825","1.41766395400001"
"760","2010","Monroe","17.442155805","4.84320233900002","76.3384934725","1.3761483855"
"761","2010","Montgomery","44.4602282850001","41.1761181724999","12.83660576","1.52704777874999"
"762","2010","Morgan","23.8320635924999","4.18936097374996","69.5706031775001","2.40797225225"
"763","2010","Morrow","69.4686724549999","4.77561088250002","24.97041448","0.785302184499997"
"764","2010","Muskingum","32.5393931025001","7.65971711649996","56.1809023874999","3.61998739824998"
"765","2010","Noble","22.5567987775","4.82362540225","68.17999897","4.43957685424999"
"766","2010","Ottawa","64.0768048600003","11.9586534325","5.42396722325003","18.54057448"
"767","2010","Paulding","87.40690037","5.29801039724998","5.75229598625","1.54279324949999"
"768","2010","Perry","33.7214666850001","5.09126846675002","59.0029071874999","2.184357662"
"769","2010","Pickaway","84.0838091474999","5.76757149925004","8.67743383625","1.47118551625"
"770","2010","Pike","26.3539844075","4.66868963224994","64.669638085","4.30768787900001"
"771","2010","Portage","35.6152640649999","13.8288327287499","44.56246444","5.993438764"
"772","2010","Preble","78.3970243425","5.68878555575003","15.0241745675","0.890015538499995"
"773","2010","Putnam","89.3601359300001","5.86715695649997","3.933150214","0.839556897999998"
"774","2010","Richland","53.0669184349999","11.635421263","33.8282467975","1.4694135045"
"775","2010","Ross","46.38919486","5.21732349824998","46.0839870525","2.30949459024998"
"776","2010","Sandusky","78.5964879674999","8.54393199249989","7.84019916575","5.0193808775"
"777","2010","Scioto","19.9614850175","5.78071970900004","70.9465144375","3.31128083199997"
"778","2010","Seneca","83.6160799325","6.34225071899999","9.08527342325","0.956395929000003"
"779","2010","Shelby","82.2482449949999","6.70632798725001","9.67449397599999","1.3709330385"
"780","2010","Stark","43.6319016325001","27.3197397075","26.244681875","2.80367678700001"
"781","2010","Summit","12.3197475484999","49.7308445874999","34.59671626","3.35269160525"
"782","2010","Trumbull","32.4268632425","16.3355280282501","46.11968298","5.117925749"
"783","2010","Tuscarawas","33.4035545325","9.06580836249998","53.9343385475","3.596298555"
"784","2010","Union","82.444587415","7.10220951049996","9.665337244","0.787865827250002"
"785","2010","Van Wert",NA,NA,NA,NA
"786","2010","Vinton","13.2379742374999","3.62473006699997","79.7059953225","3.43130036950004"
"787","2010","Warren","49.4617377025002","19.8496444037501","28.2906208625001","2.39799703325001"
"788","2010","Washington","24.9485345625001","6.98053141449998","65.6605093425001","2.41042467474999"
"789","2010","Wayne","69.4701865425","9.78377128074987","19.217073885","1.5289682945"
"790","2010","Williams","78.6974577825","6.63579899124994","13.350059235","1.3166839885"
"791","2010","Wood","82.3866690975001","11.1572061777499","4.98176710175","1.47435761749999"
"792","2010","Wyandot","83.2465489149999","5.14670951424995","9.62985460275","1.97688696775"
